Facility Name,Ownership Group,Ownership / Brand Name,County,Street Address,City,State,ZIP Code,Latitude,Longitude,Phone Number,Email Address,Website URL,Estimated Unit Count,Estimated Size / Footprint,Facility Type Tags,Lead Tier,Lead Score,Notes
Sunbelt Self Storage,Independent,Sunbelt Self Storage,Tarrant,,Fort Worth,TX,,32.8626822,-97.2906177,,,,,,self-storage,C,15,No website found
Self Storage,Independent,Self Storage,,East Kenwood Street,Siloam Springs,AR,72761,36.1738982,-94.5307446,,,,,,self-storage,C,15,No website found
Snap Box Self Storage,Independent,Snap Box Self Storage,,North 24th Street,Rogers,AR,72756,36.3355044,-94.1528761,,,,,,self-storage,C,15,No website found
Storage World,Independent,Storage World,,Slack Street,Pea Ridge,AR,72751,36.4427248,-94.1316754,,,,,,self-storage,C,15,No website found
Global Storage,Independent,Global Storage,,,,TX,,35.1160008,-106.506233,,,,,,self-storage,C,15,No website found
CubeSmart,Chain,CubeSmart,,,,TX,,35.058735,-106.615767,,,,,,self-storage,C,0,No website found; Chain-managed
Sentinel Self Storage,Independent,Sentinel Self Storage,,,,TX,,35.1329814,-106.60736,505-883-0888,,,,,self-storage,C,40,
Public Storage,Chain,Public Storage,Harris,,,TX,,29.743557,-95.45643,,,,,,self-storage,C,0,No website found; Chain-managed
Grant's Storage,Independent,Grant's Storage,Coryell,,,TX,,31.444931,-97.713634,,,,,,self-storage,C,15,No website found
Continental Self Storage,Independent,Continental Self Storage,,,,TX,,32.849139,-106.022313,,,,,,self-storage,C,15,No website found
A-1 Self Storage,Chain,A-1 Self Storage,,Hotel Circle Northeast,Albuquerque,TX,87123,35.0817311,-106.526803,505-271-2844,,http://a1selfstorage.biz/,,,self-storage,C,5,Chain-managed
Allum Boat & RV Storage,Independent,Allum Boat & RV Storage,Harris,Allum Road,Houston,TX,77045,29.641303,-95.4538762,713-936-3158,,,,,self-storage,C,40,
Move It Self Storage Bay Area,Independent,Move It Self Storage Bay Area,Nueces,Rodd Field Road,Corpus Christi,TX,78414,27.6804166,-97.3501739,361-792-3440,,https://www.moveitstorage.com/view-rates/texas/corpus-christi/78414/035120,,,self-storage,B,55,
Frontier Self Storage Center Inc.,Independent,Frontier Self Storage Center Inc.,Wilson,US 87,Adkins,TX,78101,29.3583992,-98.1873779,210-585-3330,,http://www.frontierstorage.com,,,self-storage,B,55,
A-A-A Storage,Independent,A-A-A Storage,Bell,,,TX,,31.075116,-97.653193,,,,,,self-storage,C,15,No website found
Security Self Storage,Independent,Security Self Storage,,,,TX,,33.379483,-104.5342356,575-622-0060,,,,,self-storage,C,40,
Public Storage,Chain,Public Storage,Travis,North MoPac Expressway,Austin,TX,78759,30.4161589,-97.7065593,512-634-8437,,https://www.publicstorage.com/self-storage-tx-austin/655?pid=pslocalsearch,,,self-storage,C,5,Chain-managed
U-Stor-It,Independent,U-Stor-It,,,,TX,,35.0562552,-106.617282,,,,,,self-storage,C,15,No website found
A-1 Self Storage,Chain,A-1 Self Storage,,,,TX,,35.0574463,-106.61642,,,,,,self-storage,C,0,No website found; Chain-managed
Self Storage,Independent,Self Storage,Lavaca,,,TX,,29.429386,-97.1740309,,,,,,self-storage,C,15,No website found
American Mini Storage,Chain,American Mini Storage,Fort Bend,Murphy Road,Missouri City,TX,77459,29.5809244,-95.5649617,,,,,,self-storage,C,0,No website found; Chain-managed
Metro Self Storage,Independent,Metro Self Storage,Montgomery,,,TX,,30.0495393,-95.2470993,,,,,,self-storage,C,15,No website found
Capri Self Storage,Independent,Capri Self Storage,,North Main Street,Altus,OK,73521,34.6691126,-99.3332495,580-482-3129,,http://capriselfstorage.com,,,self-storage,B,55,
ALL-STAR SELF STORAGE,Independent,ALL-STAR SELF STORAGE,Burnet,U.S. 281,Marble Falls,TX,,30.5259051,-98.2856587,,,,,,self-storage,C,15,No website found
Jay's Self Storage,Independent,Jay's Self Storage,Tarrant,,,TX,,32.7602158,-97.4554387,,,,,,self-storage,C,15,No website found
Life Storage,Chain,Life Storage,Harris,Bayport Boulevard,Seabrook,TX,77586,29.582407,-95.0281981,,,,,,self-storage,C,0,No website found; Chain-managed
Devon Self Storage,Independent,Devon Self Storage,Harris,Bayport Boulevard,Seabrook,TX,77586,29.5790454,-95.0257746,281-942-0106,,https://www.devonselfstorage.com/,,,self-storage,B,55,
Benbrook Secure Storage,Independent,Benbrook Secure Storage,,Main Avenue,Woodward,OK,73801,36.4356011,-99.3908361,580-256-4660,,https://www.benbrookstorage.com/,,,self-storage,B,55,
SurePoint Self Storage,Independent,SurePoint Self Storage,Bexar,,,TX,,29.4884139,-98.443431,,,,,,self-storage,C,15,No website found
USA Self Storage,Independent,USA Self Storage,Harris,,,TX,,29.6811028,-95.122933,,,,,,self-storage,C,15,No website found
Storage Rental Units,Independent,Storage Rental Units,Cochran,Northwest 3rd Street,Morton,TX,79346,33.7269428,-102.7625078,,,,,,self-storage,C,15,No website found
E&J Storage,Independent,E&J Storage,,,Pecos,NM,87552,35.5728846,-105.6876477,,,,,,self-storage,C,15,No website found
Storage Depot,Independent,Storage Depot,Denton,South Loop 288,Denton,TX,,33.19831,-97.0906798,,,,,,self-storage,C,15,No website found
Unicorn Moving,Independent,Unicorn Moving,Travis,Victor Street,Austin,TX,78753,30.3771705,-97.6820636,512-339-9922,,https://www.unicornmoving.com/,,,self-storage,B,55,
Affordable Boat & RV Storage,Independent,Affordable Boat & RV Storage,Harris,,,TX,,29.8795053,-95.7016127,,,,,,self-storage,C,15,No website found
Lone Star Storage Center,Independent,Lone Star Storage Center,Harris,,,TX,,29.8792341,-95.7342066,,,,,,self-storage,C,15,No website found
Safe-Keeping Self Storage,Independent,Safe-Keeping Self Storage,Harris,,,TX,,29.8750158,-95.6440306,,,,,,self-storage,C,15,No website found
Uncle Bob's Self Storage,Chain,Uncle Bob's Self Storage,Harris,,,TX,,29.8855697,-95.6829911,,,,,,self-storage,C,0,No website found; Chain-managed
Frontier Self Storage - Floresville,Independent,Frontier Self Storage - Floresville,Wilson,US Highway 181,Floresville,TX,78114,29.208916,-98.2219036,,,,,,self-storage,C,15,No website found
1488 Boat & RV Storage,Independent,1488 Boat & RV Storage,Montgomery,FM 1488,Conroe,TX,77384,30.2262548,-95.5330833,,,,,,self-storage,C,15,No website found
Jerry's Storage,Independent,Jerry's Storage,Kaufman,E Highway 175,Kemp,TX,75143,32.400563,-96.1658602,903-498-7368,,http://jerrysstorage175.com,,,self-storage,B,55,
Cane Island Storage,Independent,Cane Island Storage,Waller,US-90,Katy,TX,77494,29.78673,-95.8556838,281-574-4777,,http://www.caneislandstorage.com,,,self-storage,B,55,
Butterfly Springs Storage,Independent,Pueblo of Pojoaque,,,,TX,,35.8784803,-106.0111478,,,,,,self-storage,C,15,No website found
All Storage,Independent,All Storage,Collin,Talbert Drive,Plano,TX,75093,33.0074725,-96.7790246,972-905-9854,,https://www.allstorageonline.com/,,,self-storage,B,55,
Paul's Stor-Galor Mini-Warehouses,Independent,Paul's Stor-Galor Mini-Warehouses,Galveston,45th Street,Galveston,TX,77550,29.2819621,-94.8130861,409-762-2345,,http://paulsstor-galor.com,,,self-storage,B,55,
Legion Road Mini Storage,Chain,Legion Road Mini Storage,Montgomery,Legion Road,New Caney,TX,77357,30.1395138,-95.229696,281-354-1259,,,,,self-storage,C,0,Chain-managed
Kwik-Lock Storage,Independent,Kwik-Lock Storage,,South Main Street,Newcastle,OK,73065,35.2412029,-97.5996226,,,,,,self-storage,C,15,No website found
Country Club Storage,Independent,Country Club Storage,Collin,Southview Dr,Wylie,TX,75098,33.0555326,-96.5677742,972-461-9600,,https://www.countryclubstorage.net/,,,self-storage,B,55,
U-Store-It,Independent,U-Store-It,Taylor,,,TX,,32.4165091,-99.7807838,,,,,,self-storage,C,15,No website found
A & D RV & Boat Storage,Independent,A & D RV & Boat Storage,,South 33rd Avenue West,Glenpool,OK,74033,35.9838099,-96.0298144,918-224-1851,,https://www.adrvboatstorage.com/,,,RV/boat,B,55,
Alamo Relocation & Storage,Independent,Alamo Relocation & Storage,Bexar,East Houston Street,San Antonio,TX,78205,29.4253527,-98.4801078,210-226-4223,,http://alamorelocationstorage.com,,,self-storage,B,55,
Park Place 4 RV's,Independent,Park Place 4 RV's,Comal,FM 306,New Braunfels,TX,78132,29.8500325,-98.1213457,830-964-3065,,https://www.parkplace4rvs.net/,,,self-storage,B,55,
Safekeeping Self Storage,Independent,Safekeeping Self Storage,Harris,West Parker Road,Houston,TX,,29.8597949,-95.4045431,,,,,,self-storage,C,15,No website found
Calloway Road Storage Center,Independent,Calloway Road Storage Center,Smith,Calloway Road,Tyler,TX,75707,32.3063353,-95.2646994,,,,,,self-storage,C,15,No website found
Almond Street Cold Storage,Independent,Almond Street Cold Storage,Taylor,Almond Street,Abilene,TX,79601,32.4582669,-99.7213846,325-673-4801,,http://www.almondst.com/,,,self-storage,B,55,
SecurCare Self Storage,Independent,SecurCare Self Storage,,East 7th Street South,Tulsa,OK,74120,36.1512929,-95.9836697,,,,,,self-storage,C,15,No website found
Kennidy RV & Boat Storage,Independent,Dust Kennidy,Tarrant,South Main Street,Mansfield,TX,,32.5529551,-97.1356765,,,,,,self-storage,C,15,No website found
South Post Oak Self Storage,Independent,South Post Oak Self Storage,Harris,South Post Oak Road,Houston,TX,77045,29.6181006,-95.4647675,,,,,,self-storage,C,15,No website found
St. Michael's Self Storage,Independent,St. Michael's Self Storage,,,,TX,,35.6560267,-105.9709624,,,,,,self-storage,C,15,No website found
A1,Independent,A1,,,,TX,,35.6626569,-105.9740977,,,,,,self-storage,C,15,No website found
Santa Fe Self Storage,Independent,Santa Fe Self Storage,,3rd Street,,TX,,35.6651429,-105.9695794,,,,,,self-storage,C,15,No website found
Self Storage,Independent,Self Storage,,West San Mateo Road,Santa Fe,NM,87505,35.6636491,-105.9629514,,,,,,self-storage,C,15,No website found
The Stor,Independent,The Stor,,,,TX,,33.6401437,-105.8782588,575-430-8960,,,,,self-storage,C,40,
A-1 Self Storage,Chain,A-1 Self Storage,,South Pacheco Street,,TX,,35.6621065,-105.959325,,,,,,self-storage,C,0,No website found; Chain-managed
Self Storage,Independent,Self Storage,,6th Street,,TX,,35.6637184,-105.9725641,,,,,,self-storage,C,15,No website found
AA Storage,Independent,AA Storage,Dallas,,,TX,,32.6334151,-96.9443537,,,,,,self-storage,C,15,No website found
Bear Branch Boat & RV Storage,Independent,Bear Branch Boat & RV Storage,Montgomery,,,TX,,30.2188653,-95.561863,,,,,,self-storage,C,15,No website found
Vision Private Storage,Independent,Vision Private Storage,Montgomery,,,TX,,30.2073334,-95.5767655,,,,,,self-storage,C,15,No website found
Extra Space Storage,Chain,Extra Space Storage,Harris,,,TX,,29.6897258,-95.562235,,,,,,self-storage,C,0,No website found; Chain-managed
Storage @ Coldspring,Independent,Storage @ Coldspring,San Jacinto,State Highway 150,Coldspring,TX,77331,30.5765682,-95.1386627,,,https://www.storageatcoldspring.com/,,,self-storage,C,40,
Life Storage,Chain,Life Storage,Bexar,Broadway,San Antonio,TX,78215,29.4476764,-98.4742929,,,,,,self-storage,C,0,No website found; Chain-managed
Eagle Self Storage,Independent,Eagle Self Storage,Tarrant,Rivertree Boulevard,Fort Worth,TX,76109,32.7115303,-97.387273,817-926-1222,,https://eagleselfstorage.com/storage-in-fort-worth-tx-considerations/,,,self-storage,B,55,
Around The Corner Self Storage 125 & 599,Independent,Around The Corner Self Storage 125 & 599,,Erica Road,Santa Fe,NM,87507,35.5913282,-106.068392,505-393-3463,,https://www.aroundthecornerselfstorage.com/self-storage-santa-fe-nm-f8437,,,self-storage,B,55,
U-Haul,Chain,U-Haul,Harris,,,TX,,29.8131664,-95.3798947,,,,,,self-storage,C,0,No website found; Chain-managed
Caney Creek Self-Storage,Independent,Caney Creek Self-Storage,Montgomery,Highway 59 South,New Caney,TX,77357,30.179668,-95.2002652,281-602-3459,,,,,self-storage,C,40,
Storage Plus,Independent,Storage Plus,Williamson,Williams Drive,Georgetown,TX,78628,30.6819121,-97.7146329,512-888-4922,,,,,self-storage,C,40,
Extra Space Storage,Chain,Extra Space Storage,Williamson,,,TX,,30.6851611,-97.7188638,512-444-8229,,,,,self-storage,C,0,Chain-managed
Stash N Go Storage,Independent,Stash N Go Storage,Travis,O'Neal Lane,Austin,TX,78759,30.4180317,-97.7067928,512-836-9698,,https://www.stashngostorage.com/storage-units/texas/austin/stash-n-go-storage-337007/?cid=glbc,,,self-storage,B,55,
Gotcha Covered Storage,Independent,Gotcha Covered Storage,Williamson,,,TX,,30.7130091,-97.7653665,,,,,,self-storage,C,15,No website found
Tillman Self Storage,Independent,Tillman Self Storage,Williamson,West Whitestone Boulevard,Cedar Park,TX,78613,30.5158501,-97.8453074,,,https://www.tillmanselfstorage.com/,,,self-storage,C,40,
CubeSmart,Chain,CubeSmart,Tarrant,Enterprise Drive,Grapevine,TX,75028,32.9868053,-97.0414828,,,,,,self-storage,C,0,No website found; Chain-managed
Watson & Taylor Storage - North Austin,Independent,Watson & Taylor Storage - North Austin,Travis,North Lamar Boulevard,Austin,TX,78758,30.3872992,-97.6842252,512-213-1170,,https://www.steelcreekselfstorage.com/self-storage-austin-tx-f4011,,,self-storage,B,55,
Fish Creek Storage,Independent,Fish Creek Storage,Montgomery,,,TX,,30.3289805,-95.5868221,,,,,,self-storage,C,15,No website found
Storage King USA,Independent,Storage King USA,Collin,Park Boulevard,Wylie,TX,75098,33.0297372,-96.5512109,,,,,,self-storage,C,15,No website found
CubeSmart,Chain,CubeSmart,Brazoria,Business Center Drive,Pearland,TX,,29.5539686,-95.3895236,,,,,,self-storage,C,0,No website found; Chain-managed
Stor-Mor4Less Storage,Independent,Edwin Roark,Anderson,South State Highway 19,Palestine,TX,75801,31.7205326,-95.5928907,903-729-8833,,https://stor-mor4less.com,,,self-storage,B,55,
Eagle Drive Boat RV Self Storage & Office Warehouses,Independent,Eagle Drive Boat RV Self Storage & Office Warehouses,Chambers,Eagle Drive,Baytown,TX,,29.8222704,-94.8452871,281-573-3888,,https://eagledrivestorage.com,,,self-storage,B,55,
Stewart & 89th Self Storage,Independent,Stewart & 89th Self Storage,Galveston,,,TX,,29.2537488,-94.8548895,,,,,,self-storage,C,15,No website found
Extra Space Storage,Chain,Extra Space Storage,,North Villa Avenue,Oklahoma City,OK,73107,35.4989043,-97.5561646,405-602-5300,,https://www.extraspace.com/life-storage/,,,self-storage,C,5,Chain-managed
Affordable Self Storage,Independent,Affordable Self Storage,Denton,Teasley Lane,Denton,TX,76205,33.1998964,-97.1212703,940-566-1013,,https://www.affordableselfstoragetexas.com/,,,self-storage,B,55,
Cox Storage,Independent,Cox Storage,,1606 S Muskogee Ave,Tahlequah,OK,74464,35.8957251,-94.9778364,918-207-1600,,https://coxstorage.com,,,self-storage,B,55,
Boat and Mini Storage,Chain,Boat and Mini Storage,,,,TX,,34.1491663,-94.7499095,580-494-6099,,,,,self-storage,C,0,Chain-managed
Iron Storage,Independent,Iron Storage,,,,TX,,35.4202538,-96.3012282,,,,,,self-storage,C,15,No website found
American Self Storage,Independent,Cheri Newman,Gray,South Naida Street,Pampa,TX,79065,35.5296535,-100.982334,806-669-2537,,https://americanselfstorage-tx.com,,,self-storage,B,55,
A-1 Self Storage,Chain,A-1 Self Storage,,Tramway Boulevard Northeast,Albuquerque,NM,87111,35.1340243,-106.4970881,505-292-2300,,,,,self-storage,C,0,Chain-managed
LifeStorage,Independent,LifeStorage,Tarrant,,,TX,,32.8606401,-97.2811314,,,,,,self-storage,C,15,No website found
Aloha Self Storage,Independent,Aloha Self Storage,Tarrant,,,TX,,32.8382665,-97.2791016,,,,,,self-storage,C,15,No website found
Haltom City Self Storage,Independent,Haltom City Self Storage,Tarrant,,,TX,,32.8375321,-97.2756415,,,,,,self-storage,C,15,No website found
Manzano Waste Storage Facilities,Independent,Manzano Waste Storage Facilities,,,,TX,,35.0119723,-106.4889465,,,,,,self-storage,C,15,No website found
Lake Loc-Up,Independent,Lake Loc-Up,,,,TX,,33.9971311,-96.6997156,,,,,,self-storage,C,15,No website found
Texoma Boat & RV Storage,Independent,Texoma Boat & RV Storage,,,,TX,,33.9975714,-96.6926828,,,,,,self-storage,C,15,No website found
Texoma Mini Storage,Chain,Texoma Mini Storage,,,,TX,,33.9975503,-96.6919586,,,,,,self-storage,C,0,No website found; Chain-managed
Mesquite Storage,Independent,Mesquite Storage,Dallas,,,TX,,32.7488745,-96.6107069,,,,,,self-storage,C,15,No website found
L & L Public Storage,Chain,L & L Public Storage,Chambers,,,TX,,29.8397419,-94.6638437,,,,,,self-storage,C,0,No website found; Chain-managed
Security Self-Storage,Independent,Security Self-Storage,Dallas,,,TX,,32.8662863,-96.7409958,,,,,,self-storage,C,15,No website found
SecurCare Self Storage,Independent,SecurCare Self Storage,Dallas,,,TX,,32.7574621,-96.9938956,,,,,,self-storage,C,15,No website found
CubeSmart,Chain,CubeSmart,Bexar,Bandera Road,,TX,,29.5140814,-98.6326717,,,https://www.cubesmart.com/texas-self-storage/san-antonio-self-storage/3421.html,,,self-storage,C,0,Chain-managed
CubeSmart,Chain,CubeSmart,Williamson,North Main Street,Taylor,TX,76574,30.6005914,-97.4159915,512-352-5588,,https://www.cubesmart.com,,,self-storage,C,5,Chain-managed
Storage King,Independent,Storage King,Williamson,North Main Street,Taylor,TX,76574,30.6029329,-97.4171662,512-352-5464,,,,,self-storage,C,40,
A3 Storage Centers,Independent,Joshua Parrott,Ector,West 42nd Street,Odessa,TX,79764,31.8810654,-102.386559,432-368-7417,,https://a3storagecenterstx.com,,,self-storage,B,55,
Discount Self Storage,Independent,Discount Self Storage,Lubbock,FM 179,Wolfforth,TX,79382,33.5231063,-102.008379,,,https://www.discountstoragewolfforth.com,,,self-storage,C,40,
All Store Mini Storage,Chain,All Store Mini Storage,Johnson,North Main Street,Cleburne,TX,76033,32.4227414,-97.3830401,817-558-6331,,,,,self-storage,C,0,Chain-managed
Fossil Storage,Independent,Fossil Storage,Johnson,North Broadway Street,Joshua,TX,76058,32.4701268,-97.3835077,888-677-8672,,https://fossilstorage.com/,,,self-storage,B,55,
U-Stor,Independent,U-Stor,,,,TX,,32.4390331,-93.7813341,,,,,,self-storage,C,15,No website found
Houston Mini Storage,Chain,Houston Mini Storage,Harris,West Donovan Street,,TX,,29.8442531,-95.4100634,,,,,,self-storage,C,0,No website found; Chain-managed
A&A Complex & Mini Storage,Chain,A&A Complex & Mini Storage,,East 11th Street South,Tulsa,OK,,36.1473381,-95.859075,,,,,,self-storage,C,0,No website found; Chain-managed
Waller Storage Center,Independent,Waller Storage Center,Harris,,,TX,,30.0539362,-95.9185842,,,,,,self-storage,C,15,No website found
Stanton Mini Storage,Chain,Stanton Mini Storage,Martin,,,TX,,32.1280385,-101.7930688,432-756-2036,,,,,self-storage,C,0,Chain-managed
RightSpace Storage,Independent,RightSpace Storage,Travis,,,TX,,30.370563,-97.7244389,,,,,,self-storage,C,15,No website found
Hill Country Storage,Independent,Hill Country Storage,Llano,,,TX,,30.7394434,-98.4296845,,,,,,self-storage,C,15,No website found
U-Stor-It,Independent,U-Stor-It,,South Memorial Drive East,Tulsa,OK,74112,36.1427056,-95.8870652,918-835-7774,,,,,self-storage,C,40,
Los Hermanos Storage,Independent,Los Hermanos Storage,,South Pacheco Street,,TX,,35.6653009,-105.9596363,,,,,,self-storage,C,15,No website found
Storage Depot,Independent,Storage Depot,Johnson,West Hidden Creek Parkway,Burleson,TX,,32.5276397,-97.3359969,817-402-2282,,https://www.storagedepotdfw.com/location/US/TX/Burleson/depot-burleson/,,,self-storage,B,55,
Best Local Mini Storage,Chain,Best Local Mini Storage,,,,TX,,36.1609712,-95.9069793,,,,,,self-storage,C,0,No website found; Chain-managed
BB&G Storage,Independent,BB&G Storage,Williamson,Rockride Lane,Georgetown,TX,78626,30.6052897,-97.6363558,,,,,,self-storage,C,15,No website found
Happy Camper Boat and RV Storage,Independent,Happy Camper Boat and RV Storage,Williamson,County Road 110,Georgetown,TX,78626,30.5984452,-97.6196875,512-986-3153,,,,,self-storage,C,40,
SpareBox Storage,Independent,SpareBox Storage,Travis,Panther Loop,Pflugerville,TX,78660,30.4820014,-97.5885107,,,,,,self-storage,C,15,No website found
AAA Cougar Self Storage,Independent,AAA Cougar Self Storage,Williamson,FM 487,Jarrell,TX,76537,30.8240059,-97.5981439,512-598-2044,,https://aaacougarselfstorage.com/,,,self-storage,B,55,
Amy's Attic Self Storage,Independent,Amy's Attic Self Storage,Bell,Farm-to-Market Road 2484,Salado,TX,76571,30.9681911,-97.5407512,,,,,,self-storage,C,15,No website found
Stallion Storage,Independent,Stallion Storage,Montgomery,,,TX,,30.1496987,-95.2103051,,,,,,self-storage,C,15,No website found
Self Storage,Independent,Self Storage,Dallas,Reeder Road,,TX,,32.8954787,-96.8961954,,,,,,self-storage,C,15,No website found
CubeSmart,Chain,CubeSmart,Williamson,Northeast Inner Loop,Georgetown,TX,78626,30.655556,-97.6438341,,,,,,self-storage,C,0,No website found; Chain-managed
Life Storage,Chain,Life Storage,Hardin,,,TX,,30.2449749,-94.209801,,,,,,self-storage,C,0,No website found; Chain-managed
Memorial Mini Storage,Chain,Memorial Mini Storage,,East 25th Place South,Tulsa,OK,74129,36.1268978,-95.8858164,918-622-2961,,,,,self-storage,C,0,Chain-managed
Frank's RV & Boat Storage,Independent,Frank's RV & Boat Storage,Williamson,Westinghouse Road,Georgetown,TX,78626,30.5912455,-97.6536732,,,,,,self-storage,C,15,No website found
Keyport Self-Storage,Independent,Keyport Self-Storage,,South Memorial Drive East,Tulsa,OK,74112,36.1579914,-95.8864175,,,,,,self-storage,C,15,No website found
A-Affordable RV & Boat Storage,Independent,A-Affordable RV & Boat Storage,Williamson,Old County Road 105,Hutto,TX,78634,30.6103765,-97.6138141,866-788-0768,,https://a-affordablestorage.net/avada_portfolio/georgetown/,,,self-storage,B,55,
Rabbit Hill Storage,Independent,Rabbit Hill Storage,Williamson,Hillvue Road,Georgetown,TX,78626,30.6028084,-97.6628294,512-632-2221,,https://www.rabbithillstorage.com/,,,self-storage,B,55,
Owasso Safety Storage,Independent,Owasso Safety Storage,,,,TX,,36.321802,-95.8667462,918-371-5559,,,,,self-storage,C,40,
Rockwall Mini,Independent,Rockwall Mini,Rockwall,,,TX,,32.9167087,-96.4278038,,,,,,self-storage,C,15,No website found
Wooden Acres Storage,Independent,Wooden Acres Storage,Franklin,,,TX,,33.1245035,-95.2287425,,,,,,self-storage,C,15,No website found
Franklin County Storage,Independent,Franklin County Storage,Franklin,,,TX,,33.1477191,-95.2371122,,,https://franklincostorage.com,,,self-storage,C,40,
Affordable Storage #7,Independent,Affordable Storage #7,Uvalde,,,TX,,29.2272123,-99.7582223,,,,,,self-storage,C,15,No website found
Extra Space Storage,Chain,Extra Space Storage,Hays,Cromwell Drive,Kyle,TX,78640,30.015744,-97.8713112,512-262-7234,,,,,self-storage,C,0,Chain-managed
Keller Self Storage,Independent,Keller Self Storage,Tarrant,,,TX,,32.9405274,-97.2531138,,,,,,self-storage,C,15,No website found
U-Haul of South Amarillo,Chain,U-Haul of South Amarillo,Randall,Canyon Expressway,,TX,79109,35.1501636,-101.8853391,,,https://www.uhaul.com/,,,self-storage,C,0,Chain-managed
Arborstone Storage,Independent,Arborstone Storage,Wood,,,TX,,32.6524249,-95.2231817,,,,,,self-storage,C,15,No website found
Public Storage,Chain,Public Storage,Harris,South Mason Road,Katy,TX,,29.7669736,-95.7513239,,,,,,self-storage,C,0,No website found; Chain-managed
Smithfield Storage,Independent,Smithfield Storage,Tarrant,Smithfield Road,North Richland Hills,TX,76182,32.8828613,-97.2114649,817-562-9181,,https://www.smithfieldstorage.net/,,,self-storage,B,55,
Route 51 Storage,Independent,Route 51 Storage,,East 38th Street South,Tulsa,OK,74145,36.1092026,-95.8900975,918-622-4691,,,,,self-storage,C,40,
River Bend Storage,Independent,River Bend Storage,,,,TX,,36.0460343,-95.9600707,,,,,,self-storage,C,15,No website found
Self Storage,Independent,Self Storage,,East 93rd Street South,Tulsa,OK,74133,36.0280087,-95.8671713,,,,,,self-storage,C,15,No website found
Public Storage,Chain,Public Storage,Dallas,Inwood Road,Addison,TX,75001,32.9488263,-96.8299497,,,,,,self-storage,C,0,No website found; Chain-managed
JnJ Rv Storage,Independent,JnJ Rv Storage,Williamson,Fisher Road,Florance,TX,76527,30.7589968,-97.8075423,,,http://jnjrvstorage.com/,,,self-storage,C,40,
Parker Self Storage,Independent,Parker Self Storage,Williamson,FM 970,Florence,TX,76527,30.8295099,-97.8057019,,,https://www.selfstorageflorencetx.com/,,,self-storage,C,40,
At The Tower Rental,Independent,At The Tower Rental,Williamson,CR 175,Leander,TX,78641,30.5886313,-97.7929043,512-921-8702,,http://www.atthetowerstorage.com/,,,self-storage,B,55,
M&M Storage,Independent,M&M Storage,Wood,,,TX,,32.6160068,-95.2095687,,,,,,self-storage,C,15,No website found
833 Safe Storage,Independent,833 Safe Storage,Wood,,,TX,,32.5899323,-95.2056242,,,,,,self-storage,C,15,No website found
Self Storage,Independent,Self Storage,,South 92nd Avenue East,Tulsa,OK,74129,36.1314643,-95.8730152,,,,,,self-storage,C,15,No website found
Extra Space Storage,Chain,Extra Space Storage,Williamson,TX 29,Georgetown,TX,78626,30.631945,-97.7366176,,,,,,self-storage,C,0,No website found; Chain-managed
Self Storage,Independent,Self Storage,,East 71st Street South,Tulsa,OK,74136,36.0621039,-95.9124113,,,,,,self-storage,C,15,No website found
Therma Self Storage,Independent,Therma Self Storage,,East 87th Street South,Tulsa,OK,74137,36.0387978,-95.9551405,,,,,,self-storage,C,15,No website found
Red Poppy Self Storage,Independent,Red Poppy Self Storage,Williamson,TX 29 East,Georgetown,TX,78626,30.6379326,-97.5650801,,,,,,self-storage,C,15,No website found
Shreveport Self Storage,Independent,Shreveport Self Storage,,Mansfield Road,Shreveport,LA,71118-3181,32.3962794,-93.8108788,318-686-7198,,,,,self-storage,C,40,
SpareBox Storage,Independent,SpareBox Storage,Williamson,East University Avenue,Georgetown,TX,78626,30.6446797,-97.6279709,,,,,,self-storage,C,15,No website found
Seaside Storage Inc,Independent,Seaside Storage Inc,San Patricio,US Highway 77,Sinton,TX,78387,28.0291663,-97.5315942,361-364-5183,,,,,self-storage,C,40,
Bedias Self Storage,Independent,Bedias Self Storage,Grimes,,,TX,,30.773934,-95.9505163,,,,,,self-storage,C,15,No website found
Fianna Hills Mini Storage,Chain,Fianna Hills Mini Storage,,Brooken Hill Dr,,TX,,35.2981523,-94.4145915,479-648-1200,,https://fiannahillsstorage.com,,,RV/boat,C,5,Chain-managed
Store Space,Independent,Store Space,Jefferson,Interstate 10 South,,TX,,30.0755612,-94.1373475,,,,,,self-storage,C,15,No website found
Storage Spot,Independent,Storage Spot,Jefferson,,,TX,,30.0754255,-94.1910964,,,,,,self-storage,C,15,No website found
Cimarron Storage,Independent,Cimarron Storage,Williamson,TX 29 West,Goergetown,TX,78628,30.6375053,-97.7996013,,,,,,self-storage,C,15,No website found
A Discount Storage,Independent,A Discount Storage,Harris,Wright Road,Jersey Village,TX,,29.8927002,-95.5898874,713-466-7881,,,,,self-storage,C,40,
Tru Lock Self Storage,Independent,Tru Lock Self Storage,Hays,,,TX,,30.0771199,-97.8443775,,,,,,self-storage,C,15,No website found
Boat and RV Storage,Chain,Aspen Mini Storage,,,,TX,,36.0308134,-95.7383877,,,,,,self-storage,C,0,No website found; Chain-managed
Storage,Independent,BA Office and Storage,,South Elm Place,Broken Arrow,TX,74011,36.0164016,-95.7961413,918-455-1300,,,,,self-storage,C,40,
Arborstone Storage,Independent,Arborstone Storage,,,,TX,,35.843193,-96.0145909,918-366-8272,,https://www.arborstonestoragemounds.com/,,,self-storage,B,55,
Columbia Mini Storage,Chain,Columbia Mini Storage,Brazoria,,,TX,,29.1469173,-95.6562578,,,,,,self-storage,C,0,No website found; Chain-managed
Extra Space Storage,Chain,Extra Space Storage,Montgomery,Aldine Westfield Road,Spring,TX,77386,30.1383371,-95.4004668,,,,,,self-storage,C,0,No website found; Chain-managed
Click Storage,Independent,Click Storage,,West 151st Street South,,OK,,35.9444162,-96.029831,918-321-9872,,,,,self-storage,C,40,
Self Storage,Independent,Self Storage,,South Union Place West,Glenpool,OK,74033,35.9662946,-96.012777,,,,,,self-storage,C,15,No website found
Salado Eagle Storage,Independent,Salado Eagle Storage,Bell,Blackberry Road,,TX,76571,30.9527145,-97.4940001,254-328-1234,,https://www.saladoeaglestorage.com/,,,self-storage,B,55,
Dun Deal Storage,Independent,Dun Deal Storage,Williamson,Williams Drive,Georgetown,TX,78633,30.7081245,-97.7567232,,,,,,self-storage,C,15,No website found
The Attic Self-Storage,Independent,The Attic Self-Storage,Dallas,Inwood Road,Addison,TX,75001,32.9525697,-96.830675,,,https://www.theatticstorage.com/,,,self-storage,C,40,
Public Storage,Chain,Public Storage,Tarrant,Benbrook Boulevard,,TX,,32.6830403,-97.4627155,817-507-4851,,https://www.publicstorage.com/self-storage-tx-benbrook/5975.html,,,self-storage,C,5,Chain-managed
My Garage Self Storage,Independent,My Garage Self Storage,Bell,South 31st Street,Temple,TX,76502,31.0553087,-97.3752928,,,https://www.mygarageselfstorage.com/locations/temple-tx-76502,,,self-storage,C,40,
Self Storage,Independent,Self Storage,,South 33rd Avenue West,Tulsa,OK,74107,36.0801885,-96.0299386,,,,,,self-storage,C,15,No website found
Cedar Ridge South 75 Storage,Independent,Cedar Ridge South 75 Storage,,South Union Avenue West,Jenks,OK,74037,36.0339258,-96.0112328,,,,,,self-storage,C,15,No website found
Southpark Self Storage,Independent,Southpark Self Storage,Bell,South 31st Street,Temple,TX,76502,31.0551275,-97.3742982,,,https://southparkselfstorage.com,,,self-storage,C,40,
Watson & Taylor Self Storage,Independent,Watson & Taylor Self Storage,Dallas,Belt Line Road,Addison,TX,75001,32.9555774,-96.8455081,,,,,,self-storage,C,15,No website found
Affordable Storage,Independent,Affordable Storage,Wood,,,TX,,32.7956824,-95.4191712,,,,,,self-storage,C,15,No website found
Self Storage,Independent,Self Storage,,South 129th Avenue East,Tulsa,OK,74134,36.117157,-95.8328991,,,,,,self-storage,C,15,No website found
Rucker Storage,Independent,Rucker Storage,Wood,,,TX,,32.5987139,-95.2071523,,,,,,self-storage,C,15,No website found
Extra Space Storage,Chain,Extra Space Storage,Collin,South Ferguson Parkway,Anna,TX,75409,33.3460318,-96.5674535,469-425-5194,,https://www.extraspace.com/storage/facilities/us/texas/anna/4245/,,,climate-controlled,C,5,Chain-managed
Georgetown Storage Space,Independent,Georgetown Storage Space,Williamson,Ronald W Reagan Boulevard,Georgetown,TX,78633,30.722571,-97.8366353,,,,,,self-storage,C,15,No website found
Store It All,Independent,Store It All,Dallas,Samuell Boulevard,Mesquite,TX,75149,32.791948,-96.6593001,945-351-1054,,https://www.storeitallstorage.com/self-storage/tx/mesquite/samuell-blvd,,,self-storage,B,55,
U-Haul Move & Store,Chain,U-Haul Move & Store,Harris,West Grand Parkway North,,TX,77493,29.7980407,-95.7773153,,,https://www.uhaul.com/,,,self-storage,C,0,Chain-managed
Stor Self Storage,Independent,Stor Self Storage,Bexar,,,TX,,29.6316725,-98.4939056,,,,,,self-storage,C,15,No website found
CubeSmart,Chain,CubeSmart,Harris,Shepherd Drive,Houston,TX,77007,29.7722329,-95.4092425,346-444-8837,,,,,self-storage,C,0,Chain-managed
Mini Storage,Chain,Mini Storage,,,,TX,,34.1723319,-97.257375,,,,,,self-storage,C,0,No website found; Chain-managed
EZ Mini Storage,Chain,EZ Mini Storage,,,,TX,,34.1732484,-97.2286338,,,,,,self-storage,C,0,No website found; Chain-managed
Lone Grove Self Storage,Independent,Lone Grove Self Storage,,,,TX,,34.1733139,-97.2258416,,,,,,self-storage,C,15,No website found
Neighbor Self Storage,Independent,Neighbor Self Storage,Collin,Grace Street,Frisco,TX,75034,33.1485146,-96.8360581,469-218-9710,,,,,self-storage,C,40,
Neighbor Self Storage,Independent,Neighbor Self Storage,Travis,South Lakeline Boulevard,Cedar Park,TX,78613,30.4839231,-97.8326193,737-225-6790,,,,,self-storage,C,40,
Neighbor Self Storage,Independent,Neighbor Self Storage,Dallas,Blackburn Street,Dallas,TX,75204,32.8110302,-96.7994627,469-281-5942,,,,,self-storage,C,40,
Neighbor Car Storage,Independent,Neighbor Car Storage,Tarrant,East Debbie Lane,Mansfield,TX,76063,32.6103307,-97.1100747,817-330-4522,,,,,self-storage,C,40,
Neighbor Self Storage,Independent,Neighbor Self Storage,Dallas,Wittington Place,Farmers Branch,TX,75234,32.9174696,-96.9087437,469-300-3371,,,,,self-storage,C,40,
Neighbor Self Storage,Independent,Neighbor Self Storage,Travis,Bartons Bluff Lane,Austin,TX,78746,30.2563548,-97.795923,737-250-7378,,,,,self-storage,C,40,
Neighbor Self Storage,Independent,Neighbor Self Storage,Collin,Frisco Street,Frisco,TX,75034,33.1521108,-96.8313757,469-285-7255,,,,,self-storage,C,40,
Neighbor Self Storage,Independent,Neighbor Self Storage,Dallas,Vitruvian Way,Addison,TX,75001,32.9360681,-96.8512767,469-402-3954,,,,,self-storage,C,40,
Neighbor Self Storage,Independent,Neighbor Self Storage,Dallas,Vitruvian Way,Addison,TX,75001,32.9369579,-96.8487919,469-218-6605,,,,,self-storage,C,40,
Self Storage,Independent,Self Storage,,South Memorial Drive East,Tulsa,OK,74112,36.1453114,-95.8880148,,,,,,self-storage,C,15,No website found
Spartan Storage & Mail,Independent,Spartan Storage & Mail,,South Memorial Drive East,Bixby,OK,74008,35.9860586,-95.8862026,,,,,,self-storage,C,15,No website found
Pods,Independent,Pods,Potter,Southeast 3rd Avenue,Amarillo,TX,79104,35.2078647,-101.7972133,806-412-0886,,,,,self-storage,C,40,
Mingo Discount Storage,Independent,Mingo Discount Storage,,South Mingo Road East,Tulsa,OK,74146,36.0843919,-95.8689915,,,https://www.mingodiscountstorage.com/,,,self-storage,C,40,
Self Storage,Independent,Self Storage,,South 82nd Avenue East,Bixby,OK,74008,35.9495383,-95.885585,,,,,,self-storage,C,15,No website found
SecurCare Self Storage,Independent,SecurCare Self Storage,Potter,Lowes Lane,Amarillo,TX,79106,35.2112669,-101.9092756,806-375-4742,,,,,self-storage,C,40,
X-15 Storage,Independent,X-15 Storage,Jasper,,,TX,,30.8932917,-93.9931335,,,,,,self-storage,C,15,No website found
McDonald's Storage,Independent,McDonald's Storage,Jasper,,,TX,,30.8976011,-93.9938756,,,,,,self-storage,C,15,No website found
American Self Storage,Independent,American Self Storage,Hill,,,TX,,31.9639908,-97.3248713,,,,,,self-storage,C,15,No website found
Iron Self Storage,Independent,Iron Self Storage,,South Braden Avenue East,Tulsa,OK,74135,36.0905679,-95.9202462,918-383-8891,,,,,self-storage,C,40,
24/7 Storage,Independent,24/7 Storage,Tarrant,,,TX,,32.6136187,-97.3210249,,,,,,self-storage,C,15,No website found
South Park Storage,Independent,South Park Storage,,,,TX,,36.0064419,-95.8859298,918-369-1414,,,,,self-storage,C,40,
Storage Center,Independent,Storage Center,,,,TX,,35.3612679,-94.372481,,,,,,self-storage,C,15,No website found
Self Storage,Independent,Self Storage,,East Skelly Drive South,Tulsa,OK,74145,36.1110557,-95.8986925,,,,,,self-storage,C,15,No website found
Morningstar Storage,Independent,Morningstar Storage,Travis,,,TX,,30.3960446,-97.9170289,,,,,,self-storage,C,15,No website found
Storage Star,Independent,Storage Star,Travis,,,TX,,30.433437,-97.8403966,,,,,,self-storage,C,15,No website found
Shield Storage,Independent,Shield Storage,,Calle de Las Lomas,Bernalillo,NM,87004,35.3112883,-106.5808487,505-867-8673,,,,,self-storage,C,40,
Pods,Independent,Pods,Jefferson,,,TX,,30.0448321,-94.1515153,,,,,,self-storage,C,15,No website found
Blue Agave Economy RV & Mini Storage,Chain,Blue Agave Economy RV & Mini Storage,Williamson,Bonett Lane,Georgetown,TX,78633,30.730219,-97.6834777,,,,,,self-storage,C,0,No website found; Chain-managed
La Soto Storage,Independent,La Soto Storage,Dallas,,,TX,,32.6121679,-96.8219239,,,,,,self-storage,C,15,No website found
A-RV Storage,Independent,A-RV Storage,Johnson,,,TX,,32.4780411,-97.2764423,,,,,,self-storage,C,15,No website found
AAA Boat & RV Storage,Independent,AAA Boat & RV Storage,,,,TX,,35.4154157,-97.3165861,,,,,,self-storage,C,15,No website found
Dale Brown's Storage,Independent,Dale Brown's Storage,,,,TX,,35.4513849,-94.761096,,,,,,self-storage,C,15,No website found
Addison Airport Storage by Southern Star,Independent,Addison Airport Storage by Southern Star,Dallas,Glenn Curtiss Drive,Addison,TX,75001,32.9702017,-96.8335879,,,,,,self-storage,C,15,No website found
River Rd Self Storage,Independent,River Rd Self Storage,Potter,Valley Avenue,Amarillo,TX,79108,35.2615116,-101.83084,806-359-4192,,,,,self-storage,C,40,
Attic Storage,Independent,Attic Storage,,South Memorial Drive East,Bixby,OK,74008,35.9316664,-95.8860567,,,https://www.attic-storage.com/15805-s-memorial-dr-bixby-ok-74008,,,self-storage,C,40,
Quad Wolf Mini Storage,Chain,Quad Wolf Mini Storage,Potter,North Western Street,Amarillo,TX,79106,35.2310666,-101.8833273,806-342-4800,,,,,self-storage,C,0,Chain-managed
Securlock Storage,Independent,Securlock Storage,Denton,,,TX,,33.0051103,-96.981805,972-315-5000,,,,,self-storage,C,40,
SecurCare Self Storage,Independent,SecurCare Self Storage,Tarrant,South Crowley Road,Crowley,TX,76036,32.5696953,-97.3524649,,,,,,self-storage,C,15,No website found
Public Storage,Chain,Public Storage,Denton,Gazebo Street,,TX,,33.2219734,-96.9223972,,,,,,self-storage,C,0,No website found; Chain-managed
Extra Space Storage,Chain,Extra Space Storage,,South Santa Fe Avenue,Moore,OK,73160,35.3070829,-97.5107864,,,,,,self-storage,C,0,No website found; Chain-managed
10 Federal Storage,Independent,10 Federal Storage,Johnson,,,TX,,32.5016863,-97.2916518,,,,,,self-storage,C,15,No website found
U-Haul,Chain,U-Haul,Potter,Southwest 6th Avenue,Amarillo,TX,79106,35.2112453,-101.8614161,806-373-4488,,,,,self-storage,C,0,Chain-managed
Extra Space Storage,Chain,Extra Space Storage,,Northwest 62nd Street,Oklahoma City,OK,73112,35.5333903,-97.5641685,+1 405 406 1914;+1 877 217 1602,,https://www.extraspace.com/storage/facilities/us/oklahoma/oklahoma_city/,,,self-storage,C,5,Chain-managed
Extra Space Storage,Chain,Extra Space Storage,Denton,Denton Tap Road,,TX,,32.9975857,-96.9942458,,,,,,self-storage,C,0,No website found; Chain-managed
Oasis Rv Boat Storage,Independent,Oasis Rv Boat Storage,Williamson,County Road 234,Georgetown,TX,78633,30.7385117,-97.6641677,,,,,,self-storage,C,15,No website found
T & J Storage,Independent,T & J Storage,Williamson,County Road 147,Georgetown,TX,78633,30.7419604,-97.672719,,,,,,self-storage,C,15,No website found
Public Storage,Chain,Public Storage,Collin,West Frontier Parkway,,TX,,33.2637037,-96.7979491,,,,,,self-storage,C,0,No website found; Chain-managed
Extra Space Storage,Chain,Extra Space Storage,Collin,North Hardin Boulevard,,TX,,33.2120028,-96.6613907,,,,,,self-storage,C,0,No website found; Chain-managed
Metro Self Storage,Independent,Metro Self Storage,Nueces,South Staples Street,Corpus Christi,TX,78413,27.6839437,-97.3843613,361-288-3470,,https://www.metrostorage.com/self_storage/Corpus_Christi_TX/zip_78413/metro_self_storage/3907,,,self-storage,B,55,
My Storage,Independent,My Storage,Harris,,,TX,,29.9372725,-95.4496279,,,,,,self-storage,C,15,No website found
Extra Space Storage,Chain,Extra Space Storage,Dallas,Old Denton Road,,TX,,32.9791668,-96.9092807,,,,,,self-storage,C,0,No website found; Chain-managed
"Document Shredding & Storage, Ltd.",Independent,"Document Shredding & Storage, Ltd.",Randall,Southwest 45th Avenue,Amarillo,TX,79110,35.1632722,-101.8688019,866-381-6611,,,,,self-storage,C,40,
SpareBox Storage,Independent,SpareBox Storage,Randall,South Georgia Street,Amarillo,TX,79110,35.1624852,-101.8668741,,,,,,self-storage,C,15,No website found
Pecan View Storage,Independent,Pecan View Storage,Williamson,FM 487,Florence,TX,76527,30.8453659,-97.7794594,,,,,,self-storage,C,15,No website found
Spicewood Super Storage,Independent,Spicewood Super Storage,Burnet,East State Highway 71,Spicewood,TX,78669,30.46102,-98.1573569,830-220-4616,,,,,self-storage,C,40,
Spicewood 71 Self-Storage,Independent,Spicewood 71 Self-Storage,Burnet,East State Highway 71,Spicewood,TX,78669,30.4775331,-98.1895309,,,,,,self-storage,C,15,No website found
Easy Stop Storage,Independent,Easy Stop Storage,Randall,South Washington Street,Amarillo,TX,79110,35.1575701,-101.8479939,806-372-3171,,,,,self-storage,C,40,
Del Rio Self Storage,Independent,Del Rio Self Storage,Val Verde,,,TX,,29.3675242,-100.8200661,,,,,,self-storage,C,15,No website found
Longhorn Storage Services,Independent,Longhorn Storage Services,Williamson,Green Acres,Georgetown,TX,78626,30.7380825,-97.6256825,,,,,,self-storage,C,15,No website found
Public Storage,Chain,Public Storage,Collin,Prosper Commons Boulevard,,TX,,33.2207077,-96.7728595,,,,,,self-storage,C,0,No website found; Chain-managed
Walburg RV & Boat Storage,Independent,Walburg RV & Boat Storage,Williamson,FM 972,Walburg,TX,78673,30.7358367,-97.6008782,,,,,,self-storage,C,15,No website found
Essential Storage Vidor,Independent,Essential Storage Vidor,Orange,North Main Street,Vidor,TX,77662,30.1897461,-94.0223803,,,,,,self-storage,C,15,No website found
AAA Self-Storage,Independent,AAA Self-Storage,Hays,Ranch Road 12,,TX,78666,29.9004009,-97.9696488,,,,,yes,self-storage,C,15,No website found
Sunbelt Self Storage,Independent,Sunbelt Self Storage,Tarrant,North Beach Street,,TX,,32.8629556,-97.291699,,,,,,self-storage,C,15,No website found
BullsEye Storage,Independent,BullsEye Storage,Harris,,,TX,,29.6945921,-95.2953398,,,,,,self-storage,C,15,No website found
Self Storage,Independent,Self Storage,Dallas,Lemmon Avenue,,TX,,32.8470259,-96.83501,,,,,,self-storage,C,15,No website found
CubeSmart,Chain,CubeSmart,Bexar,West Loop 1604 North,San Antonio,TX,78254,29.5500881,-98.6723553,,,,,,self-storage,C,0,No website found; Chain-managed
U-Haul,Chain,U-Haul,,East Archer Street North,Tulsa,OK,74120,36.159222,-95.9868756,,,,,,self-storage,C,0,No website found; Chain-managed
Access Mini Storage,Chain,Access Mini Storage,Hidalgo,,,TX,,26.3059043,-98.1904653,,,,,,self-storage,C,0,No website found; Chain-managed
U Haul Moving and Self Storage of Bricktown,Independent,U Haul Moving and Self Storage of Bricktown,,,,TX,,35.462998,-97.5109068,,,,,,self-storage,C,15,No website found
Another Attic Self Storage,Independent,Another Attic Self Storage,Randall,Southwest 34th Avenue,Amarillo,TX,79121,35.1756078,-101.9234747,806-242-4587,,https://www.anotherattic.com/,,,self-storage,B,55,
I-40 Bell Self Storage,Independent,I-40 Bell Self Storage,Potter,Plains Boulevard,Amarillo,TX,79106,35.1917302,-101.9049954,806-351-0310,,,,,self-storage,C,40,
Amarillo All Storage,Independent,Amarillo All Storage,Potter,Hardy Street,Amarillo,TX,79106,35.1907329,-101.9162934,806-355-3055,,http://amarilloallstorage.com/,,,self-storage,B,55,
CSC Self Storage,Independent,CSC Self Storage,Potter,Wolflin Avenue,Amarillo,TX,79106,35.1909807,-101.9122932,,,,,,self-storage,C,15,No website found
Extra Space Storage,Chain,Extra Space Storage,Bexar,De Zavala Road,San Antonio,TX,78249,29.5706828,-98.5753071,,,https://www.extraspace.com/,,,self-storage,C,0,Chain-managed
The Storage Center,Independent,The Storage Center,Travis,,,TX,,30.2171175,-97.7692043,,,,,,self-storage,C,15,No website found
Highway 46 Self-Storage,Independent,Highway 46 Self-Storage,Guadalupe,South State Highway 46,Seguin,TX,78155,29.5634406,-97.9903286,830-379-1222,,,,,self-storage,C,40,
89'er Mini-Storage,Independent,89'er Mini-Storage,,Ruhl Drive,Guthrie,OK,73044,35.8570669,-97.4277654,405-282-6884,,,,,self-storage,C,40,
Southside Mini Storage,Chain,Southside Mini Storage,,South Division Street,Guthrie,OK,73044,35.8527408,-97.4258172,,,,,,self-storage,C,0,No website found; Chain-managed
Affordable Self Storage,Independent,Affordable Self Storage,Johnson,,,TX,,32.3581648,-97.419906,,,,,,self-storage,C,15,No website found
Cottonwood Storage Units,Independent,Cottonwood Storage Units,,Alamotero Lane,,NM,88310,32.9189382,-105.9711143,,,,,,self-storage,C,15,No website found
Store Space,Independent,Store Space,Bexar,East Commerce Street,San Antonio,TX,78205,29.4216448,-98.4758451,210-361-0400,,https://www.storespace.com,,,self-storage,B,55,
Extra Space Storage,Chain,Extra Space Storage,,East 21st Street South,Tulsa,OK,74114,36.1327327,-95.949411,,,,,,self-storage,C,0,No website found; Chain-managed
American Way Self Storage,Independent,American Way Self Storage,,American Way,Alamogordo,NM,88310,32.9232688,-105.9408049,575-430-2816,,,,,self-storage,C,40,
Cadman Self Storage,Independent,Cadman Self Storage,Harris,Perry Road,Houston,TX,77070,29.9502032,-95.5635539,,,,,,self-storage,C,15,No website found
Blg Mini Storage,Chain,Blg Mini Storage,,Bella Vista Way,Bella Vista,AR,72714,36.4395665,-94.239202,,,,,,self-storage,C,0,No website found; Chain-managed
RV Storage,Independent,RV Storage,,,,TX,,36.4518489,-94.302286,,,,,,self-storage,C,15,No website found
iStorage,Chain,iStorage,Harris,,,TX,,29.6847139,-95.4535852,,,,,,self-storage,C,0,No website found; Chain-managed
StorageMart,Chain,StorageMart,Williamson,FM 1325,Austin,TX,78728,30.464385,-97.6928902,800-264-9485,,https://www.storage-mart.com,,,self-storage,C,5,Chain-managed
A-AAAKEY Mini Storage,Chain,A-AAAKEY Mini Storage,Bexar,Potranco Road,San Antonio,TX,78251,29.4473771,-98.6554005,,,,,,self-storage,C,0,No website found; Chain-managed
Extra Space Storage,Chain,Extra Space Storage,Travis,North Lamar Boulevard,Austin,TX,78753,30.4091949,-97.6789397,512-339-6300,,https://www.extraspace.com/storage/facilities/us/texas/austin/1000000368/,,,self-storage,C,5,Chain-managed
Extra Space Storage,Chain,Extra Space Storage,,West San Mateo Road,Santa Fe,NM,87505,35.6610072,-105.964255,505-466-9400,,,,,self-storage,C,0,Chain-managed
Benco Mini Storage,Chain,Benco Mini Storage,Johnson,,,TX,,32.3521036,-97.4273719,,,,,,self-storage,C,0,No website found; Chain-managed
Uncle Bob's Self Storage,Chain,Uncle Bob's Self Storage,Williamson,County Road 170,,TX,78664,30.4785567,-97.6459344,,,,,,self-storage,C,0,No website found; Chain-managed
CubeSmart,Chain,CubeSmart,Collin,Wade Boulevard,,TX,,33.1285726,-96.8078579,,,,,,self-storage,C,0,No website found; Chain-managed
Westside Self Storage,Independent,Westside Self Storage,,West 6th Avenue,Stillwater,OK,74074,36.1147765,-97.1356555,,,,,,self-storage,C,15,No website found
Summer Lakes Self Storage,Independent,Summer Lakes Self Storage,Fort Bend,Benton Road,Rosenberg,TX,77469,29.539769,-95.7259815,281-239-7100,,https://www.summerlakesselfstorage.com/,,,self-storage,B,55,
Extra Space Storage,Chain,Extra Space Storage,Harris,Bissonnet Street,Houston,TX,77081,29.7033325,-95.4747841,,,,,,self-storage,C,0,No website found; Chain-managed
Devon Self-Storage,Independent,Devon Self-Storage,,San Mateo Boulevard Northeast,Albuquerque,NM,87109,35.1368674,-106.5872801,505-875-0005,,https://devonselfstorage.com/self-storage-locations/new-mexico/albuquerque/4801-san-mateo-blvd.-ne/,,,self-storage,B,55,
Expressway Self Storage,Independent,Expressway Self Storage,,,,TX,,35.571065,-97.6655408,,,,,,self-storage,C,15,No website found
CubeSmart,Chain,CubeSmart,Hays,Philomena Drive,Kyle,TX,78640,29.9987003,-97.8644726,512-268-4171,,https://www.cubesmart.com,,,self-storage,C,5,Chain-managed
Stōr Self Storage,Independent,Stōr Self Storage,Bexar,Boerne Stage Road,San Antonio,TX,78255,29.6649962,-98.6409484,210-591-2008,,https://www.storselfstorage.com/san-antonio/leon-springs-self-storage.html,,,self-storage,B,55,
Advantage Storage,Independent,Advantage Storage,Collin,,,TX,,33.1083767,-96.839643,,,,,,self-storage,C,15,No website found
American Mini Storage,Chain,American Mini Storage,,North Perkins Road,Stillwater,OK,74075,36.132957,-97.0501662,,,,,,self-storage,C,0,No website found; Chain-managed
Proguard Self Storage,Independent,Proguard Self Storage,Harris,Center Street,Houston,TX,,29.771102,-95.3982753,,,,,,self-storage,C,15,No website found
Big Tex Storage,Independent,Big Tex Storage,Harris,Ella Boulevard,Houston,TX,,29.8190059,-95.4284441,,,,,,self-storage,C,15,No website found
Extra Space Storage,Chain,Extra Space Storage,Williamson,McNeil Road,Round Rock,TX,78681,30.5017003,-97.684364,512-601-0302,,https://www.extraspace.com/storage/facilities/,,,self-storage,C,5,Chain-managed
Lockaway Storage,Independent,Lockaway Storage,Bexar,Encino Commons,San Antonio,TX,78259,29.6433675,-98.451753,,,,,,self-storage,C,15,No website found
Storage,Independent,Storage,Denton,,,TX,,33.1853083,-96.8877864,,,,,,self-storage,C,15,No website found
Community Self Storage,Independent,Community Self Storage,Harris,South Voss Road,Houston,TX,77057,29.7463257,-95.5001512,,,,,,self-storage,C,15,No website found
Extra Space Storage,Chain,Extra Space Storage,Harris,Tomball Parkway,Houston,TX,,29.9250982,-95.5002116,,,,,,self-storage,C,0,No website found; Chain-managed
Public Storage,Chain,Public Storage,Dallas,West Walnut Hill Lane,Irving,TX,75038,32.8669744,-96.9763665,,,,,,self-storage,C,0,No website found; Chain-managed
Lock Away Storage,Independent,Lock Away Storage,Bexar,De Zavala Road,San Antonio,TX,78249,29.5636938,-98.6048714,,,,,,self-storage,C,15,No website found
Move It Self Storage - Crestway,Independent,Move It Self Storage - Crestway,Bexar,Crestway Road,San Antonio,TX,78239,29.5224161,-98.3431072,210-657-2400,,https://www.moveitstorage.com/san-antonio-038713,,,self-storage,B,55,
Watson & Taylor Self Storage,Independent,Watson & Taylor Self Storage,Bexar,Southwest Loop 410,San Antonio,TX,78227,29.4082614,-98.6483976,,,https://www.steelecreekselfstorage.com/self-storage/san-antonio-tx-119104,,,self-storage,C,40,
B&T Boat & RV Storage,Independent,B&T Boat & RV Storage,,North Mingo Road,,TX,,36.1718933,-95.8677532,918-272-6048,,,,,self-storage,C,40,
Crosstown RV/Boat Storage,Independent,Crosstown RV/Boat Storage,,North Mingo Road,,TX,,36.1726471,-95.8676402,918-381-7513,,,,,self-storage,C,40,
Lakeview Self Storage,Independent,Lakeview Self Storage,,,,TX,,36.1444576,-97.0733761,405-780-7368,,,,,self-storage,C,40,
Gibson Self Storage,Independent,Gibson Self Storage,Dallas,Seagoville Road,Seagoville,TX,,32.6534041,-96.5576664,,,https://www.gibsonselfstorage.com/,,,self-storage,C,40,
SecurCare Self Storage,Independent,SecurCare Self Storage,,East Skelly Drive South,Tulsa,OK,74128,36.154731,-95.839574,,,,,,self-storage,C,15,No website found
Patriot Storage,Independent,Patriot Storage,,North Washington Street,Stillwater,OK,74075,36.1749923,-97.0708514,405-372-4445,,http://patriotstorageok.com,,,self-storage,B,55,
Self Storage,Independent,Self Storage,Bexar,North Loop 1604 West,San Antonio,TX,,29.6052077,-98.5277232,,,,,,self-storage,C,15,No website found
Self Storage Court,Independent,Self Storage Court,Tarrant,,,TX,,32.9434068,-97.3764851,,,,,,self-storage,C,15,No website found
Cubesmart Self Storage,Chain,Cubesmart Self Storage,Harris,,,TX,,29.7575064,-95.37827,,,,,,self-storage,C,0,No website found; Chain-managed
Guardian Self-Storage,Independent,Guardian Self-Storage,Bexar,,,TX,,29.5592318,-98.5341651,,,,,,self-storage,C,15,No website found
Public Storage,Chain,Public Storage,Harris,Main Street,Houston,TX,77030,29.6965604,-95.4117911,,,,,,self-storage,C,0,No website found; Chain-managed
Public Storage,Chain,Public Storage,Travis,East 41st Street,,TX,,30.2975915,-97.718832,,,,,,self-storage,C,0,No website found; Chain-managed
Self Storage,Independent,Self Storage,Travis,White Horse Trail,,TX,,30.3396002,-97.7397852,,,,,,self-storage,C,15,No website found
Self Storage,Independent,Self Storage,Travis,Twin Oaks Drive,,TX,,30.3418645,-97.7396565,,,,,,self-storage,C,15,No website found
Self Storage,Independent,Self Storage,Travis,Nasco Drive,,TX,,30.3419685,-97.741781,,,,,,self-storage,C,15,No website found
U-Haul,Chain,U-Haul,Travis,Burnet Road,Austin,TX,78757,30.342262,-97.7389625,512-302-3604,,https://www.uhaul.com/Locations/Self-Storage-near-Austin-TX-78757/737060/,,,self-storage,C,5,Chain-managed
Stowbird Storage,Independent,Stowbird Storage,Travis,,,TX,,30.350166,-97.4910895,,,,,,self-storage,C,15,No website found
Self Storage,Independent,Self Storage,Travis,North Railroad Avenue,,TX,,30.440844,-97.6179875,,,,,,self-storage,C,15,No website found
Stor Self Storage,Independent,Stor Self Storage,Travis,Kinney Road,,TX,,30.24702,-97.7727115,,,,,,self-storage,C,15,No website found
Morningstar Mini-Storage,Independent,Morningstar Mini-Storage,Travis,West US Highway 290,Austin,TX,78736,30.2268612,-97.945861,,,,,,self-storage,C,15,No website found
Morningstar Storage,Independent,Morningstar Storage,Hays,West Goforth Road,Buda,TX,78610,30.0776546,-97.8281315,512-215-4223,,,,,self-storage,C,40,
Self Storage,Independent,Self Storage,Travis,North Lamar Boulevard,,TX,,30.3872201,-97.6844373,,,,,,self-storage,C,15,No website found
Self Storage,Independent,Self Storage,Travis,South Meadowlark Street,,TX,,30.362334,-97.951323,,,,,,self-storage,C,15,No website found
Self Storage,Independent,Self Storage,Travis,Lohmans Crossing Road,,TX,,30.3411705,-97.970542,,,,,,self-storage,C,15,No website found
Waters Park Self Storage,Independent,Waters Park Self Storage,Travis,North MoPac Expressway,,TX,,30.412679,-97.7103735,,,,,,self-storage,C,15,No website found
Extra Space Storage,Chain,Extra Space Storage,Travis,West Braker Lane,Austin,TX,78758,30.3902703,-97.7205636,512-766-1697,,https://www.extraspace.com/storage/facilities/us/texas/austin/3437/,,,self-storage,C,5,Chain-managed
Self Storage,Independent,Self Storage,Travis,Wagon Trail,Austin,TX,78758,30.3784559,-97.6903721,,,,,,self-storage,C,15,No website found
Self Storage,Independent,Self Storage,Travis,East Riverside Drive,,TX,,30.238673,-97.724691,,,,,,self-storage,C,15,No website found
Extra Space Storage,Chain,Extra Space Storage,Harris,West Holcombe Boulevard,Houston,TX,,29.7066912,-95.4153041,,,,,,self-storage,C,0,No website found; Chain-managed
CubeSmart,Chain,CubeSmart,Travis,North Interstate Highway 35 Service Road,,TX,,30.3713465,-97.67897,,,,,,self-storage,C,0,No website found; Chain-managed
U-Haul,Chain,U-Haul,Travis,East Ben White Boulevard,,TX,,30.221783,-97.7597915,,,,,,self-storage,C,0,No website found; Chain-managed
Space Self-Storage,Independent,Space Self-Storage,Travis,North Lamar Boulevard,Austin,TX,78753,30.3862346,-97.6834985,512-623-7402,,https://www.spacestoragetx.com/,,,self-storage,B,55,
Self Storage,Independent,Self Storage,,East 11th Street South,Tulsa,OK,74112,36.1485138,-95.8851999,,,,,,self-storage,C,15,No website found
Stor Self Storage - Circle C,Independent,Stor Self Storage - Circle C,Travis,West Slaughter Lane,,TX,,30.2148591,-97.8938173,,,,,,self-storage,C,15,No website found
Storage Facility,Independent,Storage Facility,,,,TX,,32.9132118,-105.9593963,,,,,,self-storage,C,15,No website found
Cubby Hole Texas Self Storage & Moving Center,Independent,Cubby Hole Texas Self Storage & Moving Center,Gregg,North Eastman Road,Longview,TX,75605,32.5292536,-94.719796,,,,,,self-storage,C,15,No website found
Simply Stor-It Longview,Independent,Simply Stor-It Longview,Gregg,McCann Road,Longview,TX,75601,32.5094989,-94.7475574,903-686-0649,,https://www.simplystor-it.com/,,,self-storage,B,55,
Chieftain Self Storage,Independent,Chieftain Self Storage,Parmer,,,TX,,34.6367765,-102.7188254,,,,,,self-storage,C,15,No website found
Lock Away Storage,Independent,Lock Away Storage,Bexar,West Loop 1604 North,San Antonio,TX,,29.5186753,-98.6963595,,,,,,self-storage,C,15,No website found
Extra Space Storage,Chain,Extra Space Storage,Midland,West Loop 250 North,Midland,TX,79705,32.0396193,-102.1098449,,,,,,self-storage,C,0,No website found; Chain-managed
Gilmer Road Self Storage,Independent,Gilmer Road Self Storage,Gregg,Gilmer Road,Longview,TX,75604,32.5462918,-94.799245,,,,,,self-storage,C,15,No website found
King Self Storage,Independent,King Self Storage,Guadalupe,,,TX,,29.5725006,-97.9494014,,,,,,self-storage,C,15,No website found
Colonial Storage,Independent,Colonial Storage,Angelina,East Denman Avenue,Lufkin,TX,75901,31.3223063,-94.7050555,936-634-4544,,,,,self-storage,C,40,
Carr Self Storage,Independent,Carr Self Storage,Angelina,US-59,Lufkin,TX,75901,31.2515911,-94.7528607,936-632-3030,,,,,self-storage,C,40,
Self Storage,Independent,Self Storage,Collin,Prestige Circle,,TX,,33.0919989,-96.673996,,,,,,self-storage,C,15,No website found
Public Storage,Chain,Public Storage,Dallas,North State Highway 161,Grand Prairie,TX,75050,32.7578326,-97.027448,972-905-6839,,"https://www.publicstorage.com/texas/self-storage-grand-prairie-tx/75050-self-storage/882?PID=PSLocalSearch&CID=1341&CHID=LL#/?zl=16&vd=0.47440338227124196&lat=0&lng=0&sort=dasc&ssort=dasc&vsort=dasc&v20=0&v35=0&v50=0&vc=0&vu=0&ve=0&cc=0&da=0&ms=5,6,7,8",,,self-storage,C,5,Chain-managed
Public Storage,Chain,Public Storage,Dallas,Old Denton Road,,TX,,32.9797496,-96.9114139,972-916-9417,,,,,self-storage,C,0,Chain-managed
U-Haul,Chain,U-Haul,Dallas,East Belt Line Road,Carrollton,TX,75006,32.9537489,-96.8578247,972-416-9215,,https://www.uhaul.com/Locations/Self-Storage-near-Carrollton-TX-75006/733035/,,,self-storage,C,5,Chain-managed
Public Storage,Chain,Public Storage,Dallas,East Belt Line Road,,TX,,32.9532534,-96.8801244,,,,,,self-storage,C,0,No website found; Chain-managed
Metroplex Self Storage,Independent,Metroplex Self Storage,Dallas,,,TX,,32.9420212,-96.8909143,,,,,,self-storage,C,15,No website found
Extra Space Storage,Chain,Extra Space Storage,Potter,Lowes Lane,Amarillo,TX,79106,35.2117614,-101.9094411,,,,,,self-storage,C,0,No website found; Chain-managed
Community Self Storage,Independent,Community Self Storage,Harris,Washington Avenue,Houston,TX,77007,29.7678018,-95.3848751,,,,,,self-storage,C,15,No website found
CubeSmart,Chain,CubeSmart,Harris,Washington Avenue,,TX,,29.7711778,-95.4197608,,,,,,self-storage,C,0,No website found; Chain-managed
SecurCare Self-Storage,Independent,SecurCare Self-Storage,Gregg,West Loop 281,Longview,TX,75604,32.5226132,-94.7878867,,,,,,self-storage,C,15,No website found
Stark's Rent Alls,Independent,Stark's Rent Alls,Gaines,,,TX,,32.7195142,-102.6432391,,,,,,self-storage,C,15,No website found
Public Storage,Chain,Public Storage,Dallas,Alpha Road,Dallas,TX,75240,32.9332917,-96.804978,,,https://www.publicstorage.com/self-storage-tx-dallas/5641.html,,,self-storage,C,0,Chain-managed
Assured Self Storage,Independent,Assured Self Storage,Collin,,,TX,,33.114286,-96.6959197,,,,,,self-storage,C,15,No website found
StorageMart,Chain,StorageMart,Bexar,Potranco Road,San Antonio,TX,78251,29.4391581,-98.6725521,210-680-1081,,,,,self-storage,C,0,Chain-managed
RightSpace Storage,Independent,RightSpace Storage,Williamson,Ranch-to-Market Road 620,Round Rock,TX,78681,30.4972832,-97.7251692,,,,,,self-storage,C,15,No website found
The Storage Place #2,Independent,The Storage Place #2,,US 70,Alamogordo,NM,88310,32.8674022,-105.9772417,,,,,,self-storage,C,15,No website found
U Lock It-Mini Storage,Chain,U Lock It-Mini Storage,Gaines,,,TX,,32.710615,-102.6396038,,,,,,self-storage,C,0,No website found; Chain-managed
Seminole Mini Storage,Chain,Seminole Mini Storage,Gaines,North Main Street,Seminole,TX,79360,32.7229329,-102.6454658,,,,,,self-storage,C,0,No website found; Chain-managed
North Main Storage,Independent,North Main Storage,Gaines,North Main Street,Seminole,TX,79360,32.7248455,-102.6447788,,,,,,self-storage,C,15,No website found
A-3 Storage Centers,Independent,A-3 Storage Centers,Gaines,Southwest Avenue G,Seminole,TX,79360,32.7114912,-102.6727808,,,,,,self-storage,C,15,No website found
Public Storage,Chain,Public Storage,Collin,Stacy Road,McKinney,TX,75070,33.1442592,-96.6927414,214-613-0664,,,,,self-storage,C,0,Chain-managed
Around the Clock Self Storage,Independent,Around the Clock Self Storage,Lubbock,,,TX,,33.5476436,-101.9160953,,,,,,self-storage,C,15,No website found
Aark Self Storage,Independent,Aark Self Storage,Lubbock,,,TX,,33.5240791,-101.8693283,,,,,,self-storage,C,15,No website found
Self Storage,Independent,Self Storage,Lubbock,University Avenue,Lubbock,TX,79423,33.5074907,-101.8713077,,,,,,self-storage,C,15,No website found
U-Haul,Chain,U-Haul,Tarrant,West Tarrant Road,Grand Prairie,TX,75050,32.7561245,-97.036026,,,,,,self-storage,C,0,No website found; Chain-managed
Extra Space Storage,Chain,Extra Space Storage,Dallas,North Central Expressway,Dallas,TX,75204,32.8133682,-96.7896487,,,,,,self-storage,C,0,No website found; Chain-managed
Public Storage,Chain,Public Storage,Dallas,North Haskell Avenue,,TX,,32.8047642,-96.788927,,,,,,self-storage,C,0,No website found; Chain-managed
Public Storage,Chain,Public Storage,Dallas,East Mockingbird Lane,,TX,,32.8362624,-96.7762287,972-763-5456,,https://www.publicstorage.com/self-storage-tx-dallas/838.html,,,self-storage,C,5,Chain-managed
Extra Space Storage,Chain,Extra Space Storage,Dallas,East Northwest Highway,Dallas,TX,75231,32.8661706,-96.7665553,,,,,,self-storage,C,0,No website found; Chain-managed
Self Storage,Independent,Self Storage,Dallas,North Central Expressway,,TX,,32.9066482,-96.7698747,,,,,,self-storage,C,15,No website found
CubeSmart,Chain,CubeSmart,Hays,South Interstate 35,Kyle,TX,78640,30.0007058,-97.8698016,512-268-3009,,https://www.cubesmart.com,,,self-storage,C,5,Chain-managed
U-Haul,Chain,U-Haul,Dallas,Harry Hines Boulevard,,TX,,32.8570839,-96.881191,,,,,,self-storage,C,0,No website found; Chain-managed
Extra Space Storage,Chain,Extra Space Storage,Dallas,Lemmon Avenue,,TX,,32.8273346,-96.8242716,,,,,,self-storage,C,0,No website found; Chain-managed
Self Storage,Independent,Self Storage,Dallas,South Buckner Boulevard,,TX,,32.7650222,-96.6823474,,,,,,self-storage,C,15,No website found
Self Storage,Independent,Self Storage,Dallas,C F Hawn Freeway,,TX,,32.7143197,-96.6868448,,,,,,self-storage,C,15,No website found
Extra Space Storage,Chain,Extra Space Storage,Dallas,South Macarthur Boulevard,,TX,,32.9573764,-96.9573544,,,,,,self-storage,C,0,No website found; Chain-managed
U-STOR,Independent,U-STOR,Dallas,Lake June Road,,TX,,32.733719,-96.6449779,,,,,,self-storage,C,15,No website found
Self Storage,Independent,Self Storage,Dallas,East R L Thornton Freeway,,TX,,32.796701,-96.6902767,,,,,,self-storage,C,15,No website found
Self Storage,Independent,Self Storage,Dallas,Inwood Road,,TX,,32.8304307,-96.8251516,,,,,,self-storage,C,15,No website found
Keyport Self Storage,Independent,Keyport Self Storage,,North College Avenue,Fayetteville,TX,72703,36.0837288,-94.1551969,479-442-0400,,https://keyportselfstoragefayetteville.com/,,,self-storage,B,55,
U-STOR,Independent,U-STOR,Dallas,Harry Hines Boulevard,,TX,,32.8555845,-96.8791662,,,,,,self-storage,C,15,No website found
Self Storage,Independent,Self Storage,Dallas,West Northwest Highway,,TX,,32.8569148,-96.8640018,,,,,,self-storage,C,15,No website found
Metro Self Storage,Independent,Metro Self Storage,Lubbock,50th Street,Lubbock,TX,79413,33.5471749,-101.8810842,,,,,,self-storage,C,15,No website found
Self Storage,Independent,Self Storage,Dallas,South Walton Walker Boulevard,,TX,,32.6947566,-96.893552,,,,,,self-storage,C,15,No website found
Self Storage,Independent,Self Storage,Dallas,Forest Lane,,TX,,32.9092307,-96.8672796,,,,,,self-storage,C,15,No website found
Self Storage,Independent,Self Storage,Dallas,Shiloh Road,,TX,,32.8613703,-96.6653743,,,,,,self-storage,C,15,No website found
Self Storage,Independent,Self Storage,Dallas,Walnut Hill Lane,,TX,,32.8791457,-96.6913507,,,,,,self-storage,C,15,No website found
Security Self-Storage,Independent,Security Self-Storage,Dallas,Forest Lane,,TX,,32.909454,-96.7293876,,,,,,self-storage,C,15,No website found
U-Haul,Chain,U-Haul,Dallas,Greenville Avenue,,TX,,32.875075,-96.762759,,,,,,self-storage,C,0,No website found; Chain-managed
Bolton Self Storage,Independent,Bolton Self Storage,Lubbock,,,TX,,33.5203595,-101.9766038,,,,,,self-storage,C,15,No website found
Affordable Self Storage,Independent,Affordable Self Storage,Lubbock,Frankford Avenue,Lubbock,TX,79424,33.4986016,-101.9407323,,,,,,self-storage,C,15,No website found
Extra Space Storage,Chain,Extra Space Storage,Collin,Preston Road,,TX,,33.0094954,-96.7959798,,,,,,self-storage,C,0,No website found; Chain-managed
Self Storage,Independent,Self Storage,Collin,Preston Road,,TX,,32.9976281,-96.7973294,,,,,,self-storage,C,15,No website found
DJ's Mini Storage,Chain,DJ's Mini Storage,Lubbock,,,TX,,33.5335199,-101.9668518,,,,,,self-storage,C,0,No website found; Chain-managed
Metro Self Storage,Independent,Metro Self Storage,Lubbock,West Loop 289,Lubbock,TX,79416,33.5943226,-101.9244113,,,,,,self-storage,C,15,No website found
Aark Self Storage,Independent,Aark Self Storage,Lubbock,University Avenue,Lubbock,TX,79423,33.5240468,-101.86901,,,,,,self-storage,C,15,No website found
A-ABC Self Storage,Independent,A-ABC Self Storage,Lubbock,North Loop 289,Lubbock,TX,79415,33.6145144,-101.8962141,,,,,,self-storage,C,15,No website found
Guardian Self Storage,Independent,Guardian Self Storage,Lubbock,19th Street,Lubbock,TX,79407,33.5767488,-102.0110395,,,,,,self-storage,C,15,No website found
Ash Street Self Storage,Independent,Ash Street Self Storage,,West Ash Street,Fayetteville,TX,72703,36.0860508,-94.1670739,479-587-0007,,https://ashstreetstorage.com/,,,self-storage,B,55,
Fayetteville Self Service Storage,Independent,Fayetteville Self Service Storage,,North Birch Avenue,Fayetteville,TX,72703,36.0868078,-94.1643932,479-443-2662,,,,,self-storage,C,40,
Discount Storage: Shop Rentals,Independent,Discount Storage,Lubbock,Indiana Avenue,Lubbock,TX,79424,33.4793382,-101.8866647,806-698-1598,,,,yes,self-storage,C,40,
Nearby Storage,Independent,Nearby Storage,Lubbock,Marsha Sharp Freeway,Lubbock,TX,79407,33.5660723,-101.9207285,,,,,,self-storage,C,15,No website found
A-1 Self Storage,Chain,A-1 Self Storage,,Rodeo Road,Santa Fe,NM,87507,35.6381576,-106.0019477,505-982-4040,,,,,self-storage,C,0,Chain-managed
A-1 Self Storage,Chain,A-1 Self Storage,,West San Mateo Road,Santa Fe,NM,87505,35.6620615,-105.9607064,,,,,,self-storage,C,0,No website found; Chain-managed
Byron Cowling Moving & Self Storage,Independent,Byron Cowling Moving & Self Storage,Lubbock,Indiana Avenue,Lubbock,TX,79423,33.484987,-101.8860193,,,,,,self-storage,C,15,No website found
Kwik-O Self Storage,Independent,Kwik-O Self Storage,Lubbock,Oakridge Avenue,Lubbock,TX,79407,33.5785594,-101.9638397,,,,,,self-storage,C,15,No website found
Self Storage,Independent,Self Storage,,Cerrillos Road,,TX,,35.6286684,-106.0199027,,,,,,self-storage,C,15,No website found
Smart Self Storage,Independent,Smart Self Storage,Galveston,FM 2004,Texas City,TX,77591,29.4088192,-95.0319671,,,,,,self-storage,C,15,No website found
Budget Self Storage,Independent,Budget Self Storage,,,,TX,,35.636919,-106.023352,,,,,,self-storage,C,15,No website found
Aardvark Self Storage,Independent,Aardvark Self Storage,,Cerrillos Road,Santa Fe,NM,87507,35.6396467,-106.0143199,505-471-2701,,,,,self-storage,C,40,
A-AAAKey Mini Storage,Chain,A-AAAKey Mini Storage,Bexar,Interstate 10 West,San Antonio,TX,78249,29.5735412,-98.5921672,,,,,,self-storage,C,0,No website found; Chain-managed
Self Storage,Independent,Self Storage,Bexar,Fredericksburg Road,San Antonio,TX,72840,29.5275414,-98.5769816,,,,,,self-storage,C,15,No website found
Self Storage,Independent,Self Storage,Bexar,Parkdale Drive,San Antonio,TX,78229,29.5267928,-98.5596029,,,,,,self-storage,C,15,No website found
U-Haul Moving & Storage of Wurzbach,Chain,U-Haul Moving & Storage of Wurzbach,Bexar,Parkdale Drive,San Antonio,TX,78229,29.5262348,-98.5601015,,,,,,self-storage,C,0,No website found; Chain-managed
Humidity Temperature Controlled,Independent,Humidity Temperature Controlled,Bexar,Frontage Rd,San Antonio,TX,78230,29.5272025,-98.5593455,,,,,,self-storage,C,15,No website found
Alamo Mini-Storage,Independent,Alamo Mini-Storage,Bexar,Wurzbach Road,San Antonio,TX,78240,29.5244049,-98.5705204,,,,,,self-storage,C,15,No website found
SpareBox Storage,Independent,SpareBox Storage,,North Rupple Road,Fayetteville,AR,72704,36.0797471,-94.2172264,479-343-8222,,https://www.spareboxstorage.com/storage-units/ar/fayetteville/sparebox-0061,,,self-storage,B,55,
Morningstar Storage,Independent,Morningstar Storage,,South Midwest Boulevard,Midwest City,OK,73110,35.4611404,-97.3900439,,,,,,self-storage,C,15,No website found
Double Springs Storage,Independent,Double Springs Storage,,North Double Springs Road,Fayetteville,AR,72704,36.0703721,-94.252973,479-802-0568,,https://doublespringsstorage.com/double-springs-units/,,,self-storage,B,55,
AAA Self Storage,Independent,AAA Self Storage,,West Martin Luther King Junior Boulevard,Fayetteville,TX,72704,36.0532387,-94.1985667,479-443-3600,,http://aaaselfstoragefayetteville.com/,,,self-storage,B,55,
SecurCare Self Storage,Independent,SecurCare Self Storage,,South Lewis Avenue,Tulsa,OK,74137,36.0342057,-95.9533249,,,https://securcareselfstorage.com/self-storage-locations/oklahoma/tulsa-ok-storage-units/8905-South-Lewis-Avenue,,,self-storage,C,40,
SecurCare Self Storage,Independent,SecurCare Self Storage,,South Elgin Avenue East,Tulsa,OK,74120,36.1510824,-95.9837434,,,https://securcareselfstorage.com/self-storage-locations/oklahoma/tulsa-ok-storage-units/705-south-elgin-avenue,,,self-storage,C,40,
Life Storage,Chain,Extra Space Storage,,West 1st Street South,Tulsa,OK,74103,36.1553366,-95.9940772,,,,,,self-storage,C,0,No website found; Chain-managed
SecurCare Self Storage,Independent,SecurCare Self Storage,,South Mingo Road,Tulsa,OK,74146,36.0994306,-95.8690755,,,https://securcareselfstorage.com/self-storage-locations/oklahoma/tulsa-ok-storage-units/4360-south-mingo-road,,,self-storage,C,40,
American Self Storage,Independent,American Self Storage,,South Hattie Avenue,Oklahoma City,OK,73129,35.4166824,-97.4867403,,,,,,self-storage,C,15,No website found
Apublix Self Storage-Sooner,Independent,Apublix Self Storage-Sooner,,,,TX,,35.4139594,-97.4221608,,,,,,self-storage,C,15,No website found
U-Haul,Chain,U-Haul,Dallas,Lyndon B Johnson Freeway,Garland,TX,75041,32.87005,-96.6682131,,,,,,self-storage,C,0,No website found; Chain-managed
Simply Self Storage,Independent,Simply Self Storage,,North Bryant Avenue,Oklahoma City,OK,73121,35.5040282,-97.4597959,,,,,,self-storage,C,15,No website found
Keyport Self Storage,Independent,Keyport Self Storage,,,,TX,,36.0792804,-95.9748852,,,,,,self-storage,C,15,No website found
CubeSmart,Chain,CubeSmart,Tarrant,Basswood Boulevard,,TX,,32.874558,-97.2626184,,,,,,self-storage,C,0,No website found; Chain-managed
Public Storage,Chain,Public Storage,Tarrant,Basswood Boulevard,,TX,,32.8737094,-97.2632588,,,,,,self-storage,C,0,No website found; Chain-managed
Public Storage,Chain,Public Storage,Tarrant,Hemphill Street,,TX,,32.6779115,-97.3322668,,,,,,self-storage,C,0,No website found; Chain-managed
Self Storage,Independent,Self Storage,Tarrant,River Bend Boulevard,,TX,,32.7012595,-97.4277946,,,,,,self-storage,C,15,No website found
Public Storage,Chain,Public Storage,Tarrant,Camp Bowie West Boulevard,,TX,,32.7246808,-97.4623301,,,,,,self-storage,C,0,No website found; Chain-managed
Highway 66 Storage,Independent,Highway 66 Storage,Hunt,TX 66,,TX,,33.057159,-96.2378312,,,https://www.highway66storage.com/,,,self-storage,C,40,
RV / Boat Storage,Independent,RV / Boat Storage,,,,TX,,36.2275781,-94.1481859,,,,,,self-storage,C,15,No website found
Self Storage,Independent,Self Storage,Tarrant,Crowley Road,,TX,,32.637336,-97.3479844,,,,,,self-storage,C,15,No website found
Self Storage,Independent,Self Storage,Tarrant,Sycamore School Road,,TX,,32.6336352,-97.3788604,,,,,,self-storage,C,15,No website found
Self Storage,Independent,Self Storage,Tarrant,Bryant Irvin Road,,TX,,32.6680471,-97.4200924,,,,,,self-storage,C,15,No website found
Extra Space Storage,Chain,Extra Space Storage,Tarrant,Bryant Irvin Road,Fort Worth,TX,76132,32.6639176,-97.42186,817-294-5522,,https://www.extraspace.com/storage/facilities/us/texas/fort_worth/3790/,,,self-storage,C,5,Chain-managed
Self Storage,Independent,Self Storage,Tarrant,Dan Danciger Road,,TX,,32.6468098,-97.4093488,,,,,,self-storage,C,15,No website found
Self Storage,Independent,Self Storage,Tarrant,Eastchase Parkway,,TX,,32.7531682,-97.1701807,,,,,,self-storage,C,15,No website found
Self Storage,Independent,Self Storage,Tarrant,Trinity Boulevard,,TX,,32.8010474,-97.1841809,,,,,,self-storage,C,15,No website found
Self Storage,Independent,Self Storage,Tarrant,South Pipeline Road,,TX,,32.8145333,-97.1377185,,,,,,self-storage,C,15,No website found
CubeSmart,Chain,CubeSmart,Tarrant,North Freeway,,TX,,32.8706032,-97.3187409,,,,,,self-storage,C,0,No website found; Chain-managed
Self Storage,Independent,Self Storage,Tarrant,Sam Calloway Road,,TX,,32.7676068,-97.4092364,,,,,,self-storage,C,15,No website found
Public Storage,Chain,Public Storage,Tarrant,Old Denton Road,,TX,,32.9354394,-97.3076129,,,,,,self-storage,C,0,No website found; Chain-managed
Self Storage,Independent,Self Storage,Tarrant,Golden Triangle Boulevard,,TX,,32.9311275,-97.2830214,,,,,,self-storage,C,15,No website found
Brownwood mini storage,Chain,Brownwood mini storage,Brown,,,TX,,31.7384576,-98.9965658,,,,,,self-storage,C,0,No website found; Chain-managed
Self Storage,Independent,Self Storage,Ellis,North Hawkins Street,Waxahachie,TX,75165,32.3907435,-96.8507171,,,,,,self-storage,C,15,No website found
Secure More Storage,Independent,Secure More Storage,Ellis,"Farm-to-Market 1446, Cantrell Street",Waxahachie,TX,75165,32.3820554,-96.8543411,,,,,,self-storage,C,15,No website found
Self Storage,Independent,Self Storage,Tarrant,Post Oak Boulevard,,TX,,32.8197353,-97.0718336,,,,,,self-storage,C,15,No website found
Advantage Storage,Independent,Advantage Storage,Collin,,,TX,,33.0667786,-96.8175126,972-378-4066,,,,,self-storage,C,40,
League City Boat & RV Storage,Independent,League City Boat & RV Storage,Galveston,,,TX,,29.495346,-95.040485,,,,,,self-storage,C,15,No website found
High Point Storage,Independent,High Point Storage,Galveston,FM 646 W,Dickinson,TX,77539,29.4426004,-95.0939915,,,,,,self-storage,C,15,No website found
Go Store It Self Storage,Independent,Go Store It Self Storage,Denton,Blake Street,Denton,TX,76208,33.2182659,-97.0856424,,,https://www.gostoreit.com,,,self-storage,C,40,
Yorktown Mini Storage,Chain,Yorktown Mini Storage,Nueces,,,TX,,27.6573321,-97.3766579,,,,,,self-storage,C,0,No website found; Chain-managed
South Meadow Self Storage,Independent,South Meadow Self Storage,Webb,South Meadow Avenue,Laredo,TX,,27.4854677,-99.4763491,,,,,,self-storage,C,15,No website found
County Line Self Storage,Independent,County Line Self Storage,Guadalupe,W County Line Rd,New Braunfels,TX,78130,29.6683436,-98.1238072,210-887-8426,,http://clselfstorage.com,,,self-storage,B,55,
Bullseye Storage,Independent,Bullseye Storage,Harris,West Dallas Street,Houston,TX,,29.7576185,-95.3993569,,,,,,self-storage,C,15,No website found
A-AAAKey Mini Storage,Chain,A-AAAKey Mini Storage,Bexar,West Loop 1604 North,San Antonio,TX,78254,29.5316848,-98.682507,,,,,,self-storage,C,0,No website found; Chain-managed
Katy Boat & RV Storage,Independent,Katy Boat & RV Storage,Harris,,,TX,,29.8785271,-95.7296683,,,,,,self-storage,C,15,No website found
Devon Self Storage,Independent,Devon Self Storage,Hunt,,,TX,,33.1087993,-96.1015106,,,,,,self-storage,C,15,No website found
Solid Ground Storage,Independent,Solid Ground Storage,Bastrop,West US Highway 290,Elgin,TX,78621,30.348754,-97.3860327,,,,,,self-storage,C,15,No website found
Public Storage,Chain,Public Storage,Collin,Andrews Parkway,Allen,TX,75002,33.1201043,-96.6645464,,,https://www.publicstorage.com/self-storage-tx-allen/5986.html,,,self-storage,C,0,Chain-managed
Circle T Storage,Independent,Circle T Storage,Gaines,North Main Street,Seminole,TX,79360,32.7327067,-102.6430373,,,,,,self-storage,C,15,No website found
E-Z Rental,Independent,E-Z Rental,Gaines,,,TX,,32.7203313,-102.6458726,,,,,,self-storage,C,15,No website found
SmartStop Self Storage,Chain,SmartStop Self Storage,Montgomery,FM 1488,The Woodlands,TX,77384,30.2286484,-95.5225096,,,,,,self-storage,C,0,No website found; Chain-managed
Solid Ground Storage,Independent,Solid Ground Storage,Bastrop,West US Highway 290,Elgin,TX,78621,30.3422918,-97.3755556,512-281-5779,,,,,self-storage,C,40,
Armadillo Storage,Independent,Armadillo Storage,Tarrant,,,TX,,32.657925,-97.0872659,,,,,,self-storage,C,15,No website found
Economy Storage,Independent,Economy Storage,,Candelaria Road Northeast,Albuquerque,NM,87112,35.1155966,-106.5252101,505-299-4444,,https://www.economystoragegroup.com/,,,self-storage,B,55,
Public Storage,Chain,Public Storage,Tarrant,West Hurst Blvd,Hurst,TX,76053,32.8086487,-97.1970517,817-989-6465,,https://www.publicstorage.com/,,,self-storage,C,5,Chain-managed
Bella Vista Central Storage,Independent,Bella Vista Central Storage,,Rogers Road,Bella Vista,AR,72715,36.4525272,-94.2949415,,,,,,self-storage,C,15,No website found
Extra Space Storage,Chain,Extra Space Storage,Dallas,West Airport Freeway,Irving,TX,75062,32.8384765,-96.9646396,,,,,,self-storage,C,0,No website found; Chain-managed
Memorial South Mini Storage,Chain,Memorial South Mini Storage,,South Memorial Drive East,Tulsa,OK,74133,36.0350339,-95.8868395,,,,,,self-storage,C,0,No website found; Chain-managed
Amercian Self Storage,Independent,Amercian Self Storage,,,,TX,,35.5811059,-97.6531099,,,,,,self-storage,C,15,No website found
Platinum Self Storage,Independent,Platinum Self Storage,Gregg,Estes Parkway,Longview,TX,75603,32.4234146,-94.7172389,,,,,,self-storage,C,15,No website found
Newcastle RV Storage,Independent,Newcastle RV Storage,,,,TX,,35.2650306,-97.6010674,,,,,,self-storage,C,15,No website found
Self Storage,Independent,Self Storage,Collin,Angel Parkway,,TX,,33.1279089,-96.6292798,,,,,,self-storage,C,15,No website found
Public Storage,Chain,Public Storage,Travis,Wilke Lane,Pflugerville,TX,78660,30.4780331,-97.604834,512-592-3173,,https://www.publicstorage.com,,,self-storage,C,5,Chain-managed
Public Storage,Chain,Public Storage,Travis,North Lamar Boulevard,Austin,TX,78753,30.3489886,-97.7090716,,,,,,self-storage,C,0,No website found; Chain-managed
Self Storage,Independent,Self Storage,,Rodeo Road,,TX,,35.6390629,-105.9602599,,,,,,self-storage,C,15,No website found
Ambassador Self Storage and Business Park,Independent,Ambassador Self Storage and Business Park,Denton,TX-121,Lewisville,TX,75067,33.018094,-96.9915535,,,,,,self-storage,C,15,No website found
Extra Space Storage,Chain,Extra Space Storage,Bexar,North Loop 1604 West,San Antonio,TX,78249,29.5869829,-98.636041,,,https://www.extraspace.com/Storage/Facilities/US/Texas/San_Antonio/1000000802/Facility.aspx,,,self-storage,C,0,Chain-managed
Riverside Boat & RV Storage,Independent,Riverside Boat & RV Storage,,Highway 62 North Service Road,Newcastle,OK,73065,35.2905074,-97.5967621,,,,,,self-storage,C,15,No website found
Rocket Mini Storage,Chain,Rocket Mini Storage,McLennan,Robinson Drive,Robinson,TX,76706,31.4717611,-97.1165182,,,,,,self-storage,C,0,No website found; Chain-managed
The Keep Storage,Independent,The Keep Storage,Bexar,Ingram Road,San Antonio,TX,78245,29.4397412,-98.6564666,,,,,,self-storage,C,15,No website found
CubeSmart Self Storage,Chain,CubeSmart Self Storage,Brazoria,Hughes Ranch Road,Pearland,TX,77584,29.5707304,-95.3607337,,,,,,self-storage,C,0,No website found; Chain-managed
Lok-Tite,Independent,Lok-Tite,Fort Bend,FM 359,Richmond,TX,77469,29.6174867,-95.7439567,,,,,,self-storage,C,15,No website found
Stick It & Store It,Independent,Stick It & Store It,Fort Bend,Fm 359,Richmond,TX,77406,29.59853,-95.7400945,,,,,,self-storage,C,15,No website found
Mini U Storage,Independent,Mini U Storage,Harris,,,TX,,29.7839242,-95.7014658,,,,,,self-storage,C,15,No website found
Self Storage,Independent,Self Storage,,West Navajo Drive,Hobbs,NM,88240,32.7411584,-103.1403385,,,,,,self-storage,C,15,No website found
Alpine Storage Units,Independent,Alpine Storage Units,,,,TX,,34.5216432,-106.2401574,,,,,,self-storage,C,15,No website found
Store Space Self Storage,Independent,Store Space Self Storage,Fort Bend,LJ Parkway,Sugar Land,TX,,29.5522719,-95.5881376,,,,,,self-storage,C,15,No website found
SmartStop Self Storage,Chain,SmartStop Self Storage,Brazos,Texas Avenue South,College Station,TX,77845,30.5955102,-96.2921893,,,,,,self-storage,C,0,No website found; Chain-managed
Steer It Store It,Independent,Melinda & Carlos,Fort Bend,Settegast Ranch Road,Richmond,TX,77406,29.6612302,-95.8154803,832-465-5222,,bigboatstorage.com,,,self-storage,B,55,
Westore Mini-Storage,Independent,Westore Mini-Storage,Bexar,West Avenue,San Antonio,TX,,29.5499725,-98.5067671,,,,,,self-storage,C,15,No website found
Texas Maxi-Mini Storage,Chain,Texas Maxi-Mini Storage,Bexar,West Avenue,San Antonio,TX,,29.5526492,-98.5038442,,,,,,self-storage,C,0,No website found; Chain-managed
Extra Space Storage,Chain,Extra Space Storage,Dallas,Interstate 30,Mesquite,TX,75150,32.8195781,-96.6367968,,,,,,self-storage,C,0,No website found; Chain-managed
Public Storage,Chain,Public Storage,Dallas,North Galloway Avenue,Mesquite,TX,75149,32.7916517,-96.6122424,,,,,,self-storage,C,0,No website found; Chain-managed
Extra Space Storage,Chain,Extra Space Storage,Bexar,Lone Star Parkway,San Antonio,TX,78253,29.4878456,-98.7253521,,,,,,self-storage,C,0,No website found; Chain-managed
CubeSmart,Chain,CubeSmart,Bexar,Interstate Highway 10 Frontage Road,San Antonio,TX,78230,29.5250245,-98.5578599,,,,,,self-storage,C,0,No website found; Chain-managed
UHaul Self Storage,Chain,UHaul Self Storage,Tarrant,,,TX,,32.7821892,-97.0953723,,,,,,self-storage,C,0,No website found; Chain-managed
Devon Self Storage,Independent,Devon Self Storage,Hunt,I-30 Frontage Road,Greenville,TX,75402,33.1085702,-96.1007729,,,,,,self-storage,C,15,No website found
Public Storage,Chain,Public Storage,Denton,University Drive,Aubrey,TX,76227,33.2199005,-96.9341577,,,,,,self-storage,C,0,No website found; Chain-managed
Denton County Storage Facility,Independent,Denton County Storage Facility,Denton,Teasley Lane,Denton,TX,76210,33.1292829,-97.1007303,,,,,,self-storage,C,15,No website found
A-AAAKey Mini Storage,Chain,A-AAAKey Mini Storage,Bexar,Culebra Road,San Antonio,TX,78253,29.5020958,-98.7237626,,,,,,self-storage,C,0,No website found; Chain-managed
Crowley Mini-Storage,Independent,Crowley Mini-Storage,Tarrant,,,TX,,32.5909645,-97.3505255,,,,,,self-storage,C,15,No website found
Crossover Mini Storage,Chain,Crossover Mini Storage,,North Crossover Road,Fayetteville,AR,72701,36.0851833,-94.1221025,479-521-1302,,https://crossoverministorage.com/,,,self-storage,C,5,Chain-managed
Holly Lake Storage,Independent,Holly Lake Storage,Wood,,,TX,,32.6969312,-95.2145195,903-769-1451,,https://hollylakestorage.com,,,self-storage,B,55,
The Storage Bin,Independent,The Storage Bin,Wood,Farm-to-Market Road 2869,,TX,75765,32.6943097,-95.213333,,,https://www.thestoragebintx.com/,,,self-storage,C,40,
A&W Storage Hawkins,Independent,A&W Storage Hawkins,Wood,County Road 3802,,TX,,32.6559324,-95.2289866,972-275-6915,,https://www.holdmystoragespot.com/,,,self-storage,B,55,
AAA Self Storage,Independent,AAA Self Storage,,,,TX,,35.3837013,-94.3667752,,,,,,self-storage,C,15,No website found
SurePoint Self Storage Shavano,Independent,SurePoint Self Storage Shavano,Bexar,,,TX,,29.5648519,-98.5378166,,,,,,self-storage,C,15,No website found
CubeSmart Self Storage,Chain,CubeSmart Self Storage,Collin,North McDonald Street,McKinney,TX,75069,33.2062235,-96.6108827,,,,,,self-storage,C,0,No website found; Chain-managed
Amazing Space Storage Solutions,Independent,Amazing Space Storage Solutions,Hockley,Alamo Road,Levelland,TX,79336,33.5835002,-102.3476498,,,,,,self-storage,C,15,No website found
U-Haul,Chain,U-Haul,Denton,North Interstate 35E,Denton,TX,76205,33.1966516,-97.1341809,,,,,,self-storage,C,0,No website found; Chain-managed
Public Storage,Chain,Public Storage,Harris,North Loop West,Houston,TX,,29.8116683,-95.4202471,,,,,,self-storage,C,0,No website found; Chain-managed
Montgomery Self-Storage,Independent,Montgomery Self-Storage,Harris,Schroeder Road,,TX,,29.983483,-95.555719,,,,,,self-storage,C,15,No website found
Extra Space Storage,Chain,Extra Space Storage,Dallas,North Buckner Boulevard,Dallas,TX,75228,32.8052611,-96.6842392,,,,,,self-storage,C,0,No website found; Chain-managed
Prosperity Energy Storage Facility Hybrid,Independent,Public Service Co of NM,,,,TX,,35.0020875,-106.6372861,,,,,,self-storage,C,15,No website found
Cash Point Mini Storage,Chain,Cash Point Mini Storage,,,,TX,,32.612986,-93.7394224,,,,,,self-storage,C,0,No website found; Chain-managed
P. Howard Garage Inc.,Independent,P. Howard Garage Inc.,,Cotton Street,Shreveport,LA,71101,32.5091931,-93.7483868,,,,,,self-storage,C,15,No website found
Alamo Storage,Independent,Alamo Storage,Bexar,Interstate Highway 35 Frontage Road,San Antonio,TX,78233,29.5271476,-98.3911539,,,,,,self-storage,C,15,No website found
Summerwood Self Storage,Independent,Summerwood Self Storage,Harris,West Lake Houston Parkway,Houston,TX,77044,29.9799685,-95.1663302,281-749-1159,,https://www.summerwoodselfstorage.com/,,,self-storage,B,55,
Hill Country Storage,Independent,Hill Country Storage,Bandera,State Highway 16 South,Pipe Creek,TX,78063,29.7293665,-98.9535429,,,,,,self-storage,C,15,No website found
Affordable Self Storage Slaton,Independent,Affordable Self Storage Slaton,Lubbock,East Woodrow Road,Slaton,TX,,33.4488779,-101.6611274,,,,,,self-storage,C,15,No website found
Public Storage,Chain,Public Storage,Bexar,San Pedro Avenue,Hill Country Village,TX,78232,29.5866117,-98.4756522,,,,,,self-storage,C,0,No website found; Chain-managed
Stor-It,Independent,Stor-It,Hockley,East Highway 114,Levelland,TX,79336,33.5948493,-102.3302601,,,,,,self-storage,C,15,No website found
Public Storage,Chain,Public Storage,Bexar,US Highway 281 North,San Antonio,TX,78258,29.6555264,-98.4516286,,,,,,self-storage,C,0,No website found; Chain-managed
281 Mini Storage,Chain,281 Mini Storage,Live Oak,US 281,,TX,,28.3822068,-98.1555115,,,,,,self-storage,C,0,No website found; Chain-managed
Extra Space Storage,Chain,Extra Space Storage,Bexar,Huebner Road,San Antonio,TX,78240,29.5336612,-98.5893899,,,,,,self-storage,C,0,No website found; Chain-managed
SecurCare Self Storage,Independent,SecurCare Self Storage,,South Peoria Avenue,Tulsa,OK,74105,36.0967315,-95.9766265,,,,,,self-storage,C,15,No website found
SecurCare Self Storage,Independent,SecurCare Self Storage,,West 59th Street,Sand Springs,OK,74063,36.0781725,-96.1201565,,,https://securcareselfstorage.com/self-storage-locations/oklahoma/sand-springs-ok-storage-units/11525-west-59th-street,,,self-storage,C,40,
SecurCare Self Storage,Independent,SecurCare Self Storage,,East 11th Street South,Tulsa,OK,74128,36.1484719,-95.8676091,,,https://securcareselfstorage.com/self-storage-locations/oklahoma/tulsa-ok-storage-units/9727-east-11th-street,,,self-storage,C,40,
SecurCare Self Storage,Independent,SecurCare Self Storage,,South Garnett Road East,Tulsa,OK,74146,36.1166008,-95.8515628,,,,,,self-storage,C,15,No website found
Self Storage,Independent,Self Storage,,East Broken Arrow Expressway,Tulsa,OK,74145,36.1011814,-95.8706559,,,,,,self-storage,C,15,No website found
SecurCare Self Storage,Independent,SecurCare Self Storage,,East 61st Street South,Tulsa,OK,74133,36.0751141,-95.853037,,,https://securcareselfstorage.com/self-storage-locations/oklahoma/tulsa-ok-storage-units/11122-east-61st-street,,,self-storage,C,40,
SecurCare Self Storage,Independent,SecurCare Self Storage,,South Yale Avenue East,Tulsa,OK,74135,36.1171374,-95.9230692,918-986-8385,,https://www.securcareselfstorage.com/storage/oklahoma/storage-units-tulsa/3210-S-Yale-Ave-1047,,,self-storage,B,55,
SecurCare Self Storage,Independent,SecurCare Self Storage,,South Tacoma Avenue West,Tulsa,OK,74107,36.1093519,-96.0105685,,,https://securcareselfstorage.com/self-storage-locations/oklahoma/tulsa-ok-storage-units/3655-south-tacoma-avenue,,,self-storage,C,40,
SecurCare Self Storage,Independent,SecurCare Self Storage,,South Mingo Road East,Tulsa,OK,74146,36.0783117,-95.8681885,,,https://securcareselfstorage.com/self-storage-locations/oklahoma/tulsa-ok-storage-units/5815-south-mingo-road,,,self-storage,C,40,
SecurCare Self Storage,Independent,SecurCare Self Storage,,East 51st Street South,Tulsa,OK,74105,36.0890642,-95.9462368,,,https://securcareselfstorage.com/self-storage-locations/oklahoma/tulsa-ok-storage-units/2916-east-51st-street,,,self-storage,C,40,
SecurCare Self Storage,Independent,SecurCare Self Storage,,South Sheridan Road East,Tulsa,OK,74133,36.0305691,-95.9034663,,,https://securcareselfstorage.com/self-storage-locations/oklahoma/tulsa-ok-storage-units/9135-south-sheridan-road,,,self-storage,C,40,
SecurCare Self Storage,Independent,SecurCare Self Storage,,South Trenton Avenue,Tulsa,OK,74136,36.0617753,-95.9698565,,,https://securcareselfstorage.com/self-storage-locations/oklahoma/tulsa-ok-storage-units/6834-south-trenton-avenue,,,self-storage,C,40,
Eagle Self Storage,Independent,Eagle Self Storage,Kimble,,,TX,,30.4894458,-99.7777517,,,,,,self-storage,C,15,No website found
US Government,Independent,US Government,,,,TX,,35.0365688,-106.5403875,,,,,,self-storage,C,15,No website found
Allied Storage,Independent,Allied Storage,,West 15th Street,Fayetteville,AR,72701,36.0473288,-94.1602398,479-443-5455,,https://www.alliedselfstorageark.com/,,,self-storage,B,55,
Storage Rentals of America,Independent,Storage Rentals of America,Harris,,,TX,,29.8178557,-95.4520785,,,,,,self-storage,C,15,No website found
Wirtco Self Storage,Independent,Wirtco Self Storage,Randall,4th Avenue,Canyon,TX,79015,34.980029,-101.9003071,,,,,,self-storage,C,15,No website found
Rockin' R II Self Storage,Independent,Rockin' R II Self Storage,Randall,24th Street,Canyon,TX,79015,34.9709145,-101.9184472,,,,,,self-storage,C,15,No website found
Extra Space Storage,Chain,Extra Space Storage,Harris,Katy Freeway,Houston,TX,,29.7755693,-95.3955829,,,,,,self-storage,C,0,No website found; Chain-managed
Rockwall Mini Storage,Chain,Homeboys Liquor,Rockwall,East Interstate 30,Rockwall,TX,75087,32.9165103,-96.4280517,972-432-6952,,,,,self-storage,C,0,Chain-managed
Country Comfort Storage,Independent,Country Comfort Storage,Randall,South Western Street,Amarillo,TX,79118,35.1048224,-101.8834619,,,,,,self-storage,C,15,No website found
Another Attic Self-Storage,Independent,Another Attic Self-Storage,Randall,Soncy Road,Amarillo,TX,79119,35.1180704,-101.9370425,,,,,,self-storage,C,15,No website found
A-One Boat Storage,Independent,A-One Boat Storage,Palo Pinto,Airport Road,Graford,TX,76449,32.9111837,-98.4388306,,,,,,self-storage,C,15,No website found
ABC Public Storage,Chain,ABC Public Storage,Palo Pinto,Southeast 25th Avenue,Mineral Wells,TX,76067,32.8075584,-98.088411,,,,,,self-storage,C,0,No website found; Chain-managed
Texas Storage,Independent,Texas Storage,Parker,East US 180,Mineral Wells,TX,76067,32.8118561,-98.060148,,,,,,self-storage,C,15,No website found
Half Price Storage,Independent,Half Price Storage,Parker,East US 180,Mineral Wells,TX,76067,32.8097104,-98.0494326,,,,,,self-storage,C,15,No website found
US Storage Centers,Independent,US Storage Centers,Denton,,,TX,,33.13072,-97.051265,,,,,,self-storage,C,15,No website found
Key Storage,Independent,Key Storage,Bexar,State Highway 151,San Antonio,TX,78251,29.4454394,-98.6785172,,,,,,self-storage,C,15,No website found
A-AAAKey Mini Storage,Chain,A-AAAKey Mini Storage,Bexar,Northwest Loop 410,San Antonio,TX,,29.4853498,-98.5957154,,,,,,self-storage,C,0,No website found; Chain-managed
Extra Space Storage,Chain,Extra Space Storage,,Rodeo Park Drive East,Santa Fe,NM,87505,35.6337395,-105.9620236,,,,,,self-storage,C,0,No website found; Chain-managed
Wagon Self Storage,Independent,Wagon Self Storage,,Emblem Road,Santa Fe,NM,87507,35.6342452,-106.0174364,,,,,,self-storage,C,15,No website found
Northstar Self Storage,Independent,Northstar Self Storage,Kaufman,FM 740,Forney,TX,75126,32.7018318,-96.4971407,,,,,,self-storage,C,15,No website found
Extra Space Storage,Chain,Extra Space Storage,,Vegas Verdes Drive,,TX,,35.6415589,-106.0090819,,,,,,self-storage,C,0,No website found; Chain-managed
Century Self Storage,Independent,Century Self Storage,Johnson,Century Drive,Cleburne,TX,76033,32.3788308,-97.3957922,,,,,,self-storage,C,15,No website found
KD's Land Company Mini Storage,Chain,KD's Land Company Mini Storage,Johnson,East US Highway 67,Keene,TX,76059,32.3880171,-97.3210474,,,,,,self-storage,C,0,No website found; Chain-managed
Grizzly Self Storage,Independent,Grizzly Self Storage,Dallas,East Main Street,Mesquite,TX,75149,32.765175,-96.5834608,,,,,,self-storage,C,15,No website found
Extra Space Storage,Chain,Extra Space Storage,Tarrant,Northwest US Highway 287,Haslet,TX,76052,32.9528902,-97.3938754,,,,,,self-storage,C,0,No website found; Chain-managed
CubeSmart Self Storage,Chain,CubeSmart Self Storage,Bexar,North Loop 1604 East,San Antonio,TX,78232,29.6092237,-98.4791757,,,,,,self-storage,C,0,No website found; Chain-managed
Lockaway Storage,Independent,Lockaway Storage,Bexar,Interstate 10 West,Boerne,TX,78006,29.7374482,-98.6844705,,,,,,self-storage,C,15,No website found
All American Self Storage,Independent,All American Self Storage,Bexar,Interstate 10 West,Boerne,TX,78006,29.7320987,-98.6820713,,,,,,self-storage,C,15,No website found
U-Haul,Chain,U-Haul,Collin,West University Drive,Prosper,TX,75078,33.220308,-96.8279285,,,,,,self-storage,C,0,No website found; Chain-managed
Murphy Self Storage,Independent,Murphy Self Storage,Collin,,,TX,,33.0127875,-96.6186937,,,,,,self-storage,C,15,No website found
AAA Whatley Self Storage,Independent,AAA Whatley Self Storage,Wichita,Kell West Boulevard,Wichita Falls,TX,76310,33.8729852,-98.5939383,,,,,,self-storage,C,15,No website found
Iron Guard Stoarge,Independent,Iron Guard Stoarge,Denton,Fort Worth Drive,Denton,TX,76201,33.2004835,-97.1378665,,,,,,self-storage,C,15,No website found
Acton Secure Storage,Independent,Acton Secure Storage,Hood,,,TX,,32.4580906,-97.6906455,,,,,,self-storage,C,15,No website found
344 Storage,Independent,344 Storage,,,,TX,,35.0805443,-106.1907554,,,,,,self-storage,C,15,No website found
Joshua Storage,Independent,Joshua Storage,Johnson,South Broadway Street,Joshua,TX,76058,32.4495408,-97.3853415,817-426-1455,,https://burlesonstorage.com/joshua-location/,,,self-storage,B,55,
Capsule,Independent,Capsule,Johnson,North Main Street,Cleburne,TX,,32.4154641,-97.3841791,817-517-5802,,https://dfwcapsule.com,,,self-storage,B,55,
Self Storage,Independent,Self Storage,Dallas,Hargrove Drive,,TX,,32.8611661,-96.8634232,,,,,,self-storage,C,15,No website found
Santa Fe/Aztec Self Storage,Independent,Santa Fe/Aztec Self Storage,,,,TX,,35.6314175,-106.0682352,,,,,,self-storage,C,15,No website found
Alamo Boat & RV Storage,Independent,Alamo Boat & RV Storage,Lubbock,Tahoka Highway,Lubbock,TX,79423,33.5093689,-101.8469063,,,,,,self-storage,C,15,No website found
Angel's Attic,Independent,Angel's Attic,Bexar,,,TX,,29.4852369,-98.5966568,210-684-4322,,,,,self-storage,C,40,
Public Storage,Chain,Public Storage,Tarrant,South Jim Wright Freeway,White Settlement,TX,76108,32.7578615,-97.476492,,,,,,self-storage,C,0,No website found; Chain-managed
Lost Valley Mini Storage,Chain,Lost Valley Mini Storage,Bandera,State Highway 16 South,Bandera,TX,78003,29.7413638,-99.0312287,,,,,,self-storage,C,0,No website found; Chain-managed
E & E Mini Storage,Chain,E & E Mini Storage,Bandera,FM 1283,Pipe Creek,TX,78063,29.7014475,-98.9466361,,,,,,self-storage,C,0,No website found; Chain-managed
F&M,Independent,F&M,,,,TX,,35.6314094,-106.069137,,,,,,self-storage,C,15,No website found
Lockaway Storage,Independent,Lockaway Storage,Bexar,Northwest Loop 410,San Antonio,TX,78213,29.5031979,-98.5455823,,,,,,self-storage,C,15,No website found
All Star Boat Stalls and Mini-Storage,Independent,All Star Boat Stalls and Mini-Storage,Bandera,Laurel Ridge Drive,Lakehills,TX,78063,29.6079062,-98.9288843,,,,,,self-storage,C,15,No website found
Boat and Mini-Storage,Independent,Boat and Mini-Storage,Bandera,Laurel Ridge Drive,Lakehills,TX,78063,29.6075615,-98.9297748,,,,,,self-storage,C,15,No website found
Extra Space Storage,Chain,Extra Space Storage,Bexar,Galm Road,San Antonio,TX,78254,29.5157218,-98.7569733,,,,,,self-storage,C,0,No website found; Chain-managed
Stewart Industries International,Independent,Stewart Industries International,,Challenger Street,Roswell,NM,88203,33.3115523,-104.5132947,,,,,,self-storage,C,15,No website found
Brazos Moving and Storage,Independent,Brazos Moving and Storage,Brazos,TX 6,College Station,TX,77845,30.5358984,-96.2320544,,,,,,self-storage,C,15,No website found
All Seasons Storage Centers - College Station,Independent,All Seasons Storage Centers - College Station,Brazos,South Earl Rudder Freeway Frontage Road,College Station,TX,77845,30.5967646,-96.2884696,,,,,,self-storage,C,15,No website found
Northwest Storage,Independent,Northwest Storage,Tarrant,,,TX,,32.7599708,-97.4623888,,,,,,self-storage,C,15,No website found
AA RV Storage,Independent,AA RV Storage,Lynn,US 87 Frontage Road,Tahoka,TX,79373,33.168093,-101.7946655,,,,,,self-storage,C,15,No website found
Lakeport Self Storage,Independent,Lakeport Self Storage,Gregg,Estes Parkway,Longview,TX,75603,32.4100211,-94.6993233,,,,,,self-storage,C,15,No website found
Academy Storage,Independent,Academy Storage,,,,TX,,35.6344459,-106.0305244,,,,,,self-storage,C,15,No website found
Extra Space Storage,Chain,Extra Space Storage,Bexar,San Pedro Avenue,San Antonio,TX,78232,29.5814024,-98.4754288,,,,,,self-storage,C,0,No website found; Chain-managed
Public Storage,Chain,Public Storage,Tarrant,Airport Freeway,Richland Hills,TX,76118,32.8062013,-97.212967,,,,,,self-storage,C,0,No website found; Chain-managed
Storage Depot,Independent,Storage Depot,Tarrant,North Riverside Drive,Fort Worth,TX,76137,32.8625123,-97.3036725,817-232-3429,,,,,self-storage,C,40,
Sitzes Self Storage,Independent,Sitzes Self Storage,Taylor,North Danville Drive,Abilene,TX,79603,32.4794942,-99.7691016,,,,,,self-storage,C,15,No website found
TurnKey Storage,Independent,TurnKey Storage,Taylor,North 1st Street,Abilene,TX,79603,32.4551115,-99.7775355,,,,,,self-storage,C,15,No website found
SecureCare Self Storage,Independent,SecureCare Self Storage,Tom Green,,,TX,,31.423495,-100.4663315,,,,,,self-storage,C,15,No website found
South Lakes RV & Boat Storage,Independent,South Lakes RV & Boat Storage,,Southwest 119th Street,Oklahoma City,OK,,35.3489348,-97.5965718,,,,,,self-storage,C,15,No website found
CubeSmart,Chain,CubeSmart,Montgomery,Conroe Hufsmith Road,,TX,,30.2080474,-95.5735292,,,,,,self-storage,C,0,No website found; Chain-managed
Lone Star Climate Controlled Storage,Independent,Lone Star Climate Controlled Storage,Kerr,Junction Highway,Ingram,TX,78025,30.0738202,-99.2247502,830-367-7827,,,,,self-storage,C,40,
Browning Warehouse Self Storage,Independent,Browning Warehouse Self Storage,Kerr,Sidney Baker Street,Kerrville,TX,78028,30.0636328,-99.1212793,830-257-3122,,http://browningmovers.com/,,,self-storage,B,55,
CubeSmart Self Storage,Chain,CubeSmart Self Storage,Bexar,Bulverde Road,San Antonio,TX,78259,29.6203821,-98.4223648,,,,,,self-storage,C,0,No website found; Chain-managed
CubeSmart,Chain,CubeSmart,Denton,East State Highway 121,Lewisville,TX,75067,32.9935841,-96.977525,,,,,,self-storage,C,0,No website found; Chain-managed
CubeSmart,Chain,CubeSmart,Denton,West Round Grove Road,,TX,,33.0035772,-97.0112333,972-315-7805,,,,,self-storage,C,0,Chain-managed
Highway 412 Mini Storage,Chain,Highway 412 Mini Storage,,East Robinson Avenue,Springdale,TX,72764,36.1662009,-94.1185291,479-202-3911,,,,,self-storage,C,0,Chain-managed
Air-Tight Self Storage,Independent,Air-Tight Self Storage,,East Robinson Avenue,Springdale,TX,72764,36.165786,-94.1030122,479-750-0101,,,,,self-storage,C,40,
Ideal Self Storage,Independent,Ideal Self Storage,Coryell,East Main Street,Gatesville,TX,76528,31.4353575,-97.73915,254-865-5190,,https://www.idealstorage.com/,,,self-storage,B,55,
N. 123 Store House,Independent,N. 123 Store House,Guadalupe,North Highway 123 Bypass,Seguin,TX,78155,29.6165709,-97.9662409,,,https://www.n123storehouse.com/,,,self-storage,C,40,
All Storage - Southern,Independent,All Storage - Southern,Randall,South Western Street,Amarillo,TX,79110,35.141915,-101.882887,,,,,,self-storage,C,15,No website found
J & L Self Storage,Independent,J & L Self Storage,Dallas,Windbell Circle,Mesquite,TX,75149,32.775452,-96.619784,,,,,,self-storage,C,15,No website found
CubeSmart,Chain,CubeSmart,Dallas,US Highway 80 East,Mesquite,TX,75149,32.7916565,-96.6096415,,,,,,self-storage,C,0,No website found; Chain-managed
Extra Space Storage,Chain,Extra Space Storage,Bexar,Marbach Road,San Antonio,TX,78245,29.4175805,-98.694984,210-670-8100,,,,,self-storage,C,0,Chain-managed
Indoor Container Storage Unit,Independent,Indoor Container Storage Unit,,Mesita del Buey,,TX,,35.8450199,-106.2653628,,,,,,self-storage,C,15,No website found
Extra Space Storage,Chain,Extra Space Storage,Williamson,North Ranch Road 620,Austin,TX,78717,30.4701588,-97.7948518,,,,,,self-storage,C,0,No website found; Chain-managed
AAA Mini Storage,Chain,AAA Mini Storage,Bell,South I-35 Frontage Road,Belton,TX,76513,31.0429811,-97.4673828,,,,,,self-storage,C,0,No website found; Chain-managed
Lake Hills Boat & RV Storage,Independent,Lake Hills Boat & RV Storage,Burnet,South US Highway 281,Marble Falls,TX,78654,30.5146193,-98.2911529,512-261-0144,,https://www.advantagestorage.net/storage-locations/tx/lake-hills-boat-rv-storage/,,,self-storage,B,55,
Aladdin Self Storage,Independent,Aladdin Self Storage,Burnet,North US Highway 281,Marble Falls,TX,78654,30.6011707,-98.2668626,,,,,,self-storage,C,15,No website found
Trademark Self Storage,Independent,Trademark Self Storage,Burnet,Churchill Drive,Granite Shoals,TX,78654,30.6010701,-98.35108,,,,,,self-storage,C,15,No website found
Texas Vault Self Storage,Independent,Texas Vault Self Storage,Lamar,Northeast Loop 286,Paris,TX,75460,33.6776247,-95.5293826,,,,,,self-storage,C,15,No website found
U-Haul,Chain,U-Haul,Harris,South Voss Road,,TX,,29.7422597,-95.5006671,,,,,,self-storage,C,0,No website found; Chain-managed
SmartStop Self Storage,Chain,SmartStop Self Storage,Galveston,Emmett F Lowry Expressway,Texas City,TX,77590,29.3967741,-94.9551896,,,,,,self-storage,C,0,No website found; Chain-managed
Platinum Self Storage,Independent,Platinum Self Storage,Gregg,,,TX,,32.4238047,-94.7164317,,,,,,self-storage,C,15,No website found
Lock Box East Self Storage & Moving Center,Independent,Lock Box East Self Storage & Moving Center,Gregg,,,TX,,32.5040647,-94.7140366,,,,,,self-storage,C,15,No website found
Lock Box East Self Storage & Moving Center,Independent,Lock Box East Self Storage & Moving Center,Gregg,East Marshall Avenue,Longview,TX,75601,32.5033069,-94.7130418,,,,,,self-storage,C,15,No website found
American Self Storage,Independent,American Self Storage,Gray,North Hobart Street,Pampa,TX,79065,35.5666289,-100.9710338,,,,,,self-storage,C,15,No website found
Metro Self Storage,Independent,Metro Self Storage,Gregg,West Tyler Street,Longview,TX,75601,32.4983954,-94.7477395,,,,,,self-storage,C,15,No website found
SecurCare Self Storage,Independent,SecurCare Self Storage,Gregg,Gilmer Road,Longview,TX,75604,32.5050643,-94.7678279,,,,,,self-storage,C,15,No website found
Extra Space Storage,Chain,Extra Space Storage,Jefferson,North 7th Street,Beaumont,TX,77703,30.0968796,-94.1214106,,,,,,self-storage,C,0,No website found; Chain-managed
Bobby's Mini Storage,Chain,Bobby's Mini Storage,Jefferson,North 31st Street,Nederland,TX,77627,29.9756455,-94.0226412,,,,,,self-storage,C,0,No website found; Chain-managed
H&H Storage,Independent,H&H Storage,Galveston,Overton Avenue,Port Bolivar,TX,77650,29.3778392,-94.7708133,,,,,,self-storage,C,15,No website found
Drop Anchor Storage,Independent,Drop Anchor Storage,Galveston,State Highway 87,Crystal Beach,TX,77650,29.4417277,-94.6664847,,,,,,self-storage,C,15,No website found
Hudson Self Storage,Independent,Hudson Self Storage,Gray,South Hobart Street,Pampa,TX,79065,35.5216655,-100.9722101,,,,,,self-storage,C,15,No website found
Orchard Park Self Storage,Independent,Orchard Park Self Storage,Lubbock,114th Street,Lubbock,TX,79423,33.4894148,-101.900369,,,,,,self-storage,C,15,No website found
Midwest Storage,Independent,Midwest Storage,Shackelford,,,TX,,32.720474,-99.296449,325-762-3900,,,,,self-storage,C,40,
Morningstar Storage,Independent,Morningstar Storage,Brazos,Boonville Rd,Bryan,TX,77802,30.6702495,-96.3247902,,,,,,self-storage,C,15,No website found
Extra Space Storage,Chain,Extra Space Storage,Brazoria,West Broadway Street,Pearland,TX,77584,29.5567739,-95.3715031,,,,,,self-storage,C,0,No website found; Chain-managed
SecurCare Self Storage,Independent,SecurCare Self Storage,,West Wilshire Boulevard,Oklahoma City,OK,73116,35.5504861,-97.5127064,,,,,,self-storage,C,15,No website found
Extra Space Storage,Chain,Extra Space Storage,Dallas,Buckingham Road,Richardson,TX,75081,32.9340457,-96.7250209,,,,,,self-storage,C,0,No website found; Chain-managed
Econo Self Storage,Independent,Econo Self Storage,Smith,TX 110 South,Tyler,TX,75707,32.286502,-95.2533851,903-561-7766,,http://www.econostoragetylertexas.com,,,self-storage,B,55,
Elm Creek Mini Storage,Chain,Elm Creek Mini Storage,,,,TX,,36.2769086,-95.8326206,,,,,,self-storage,C,0,No website found; Chain-managed
Extra Space Storage,Chain,Extra Space Storage,,Legion Road Northeast,Albuquerque,NM,87102,35.0926435,-106.6290923,,,,,,self-storage,C,0,No website found; Chain-managed
Another Closet Self Storage,Independent,Another Closet Self Storage,Bandera,State Highway 16 South,Bandera,TX,78003,29.7442664,-99.0182683,,,,,,self-storage,C,15,No website found
Medina Storage Units,Independent,Medina Storage Units,Bandera,State Highway 16 North,Medina,TX,78055,29.7950669,-99.2436005,,,,,,self-storage,C,15,No website found
A-B-C Self Storage,Independent,A-B-C Self Storage,Kerr,Bandera Highway,Kerrville,TX,78028,30.0335701,-99.1431283,,,,,,self-storage,C,15,No website found
E-Z Self Storage,Independent,E-Z Self Storage,Kerr,Thompson Drive,Kerrville,TX,78028,30.0474312,-99.1506686,,,,,,self-storage,C,15,No website found
Clima Storage,Independent,Clima Storage,Kerr,Junction Highway,Ingram,TX,78025,30.073897,-99.225635,,,,,,self-storage,C,15,No website found
E-Z Self Storage,Independent,E-Z Self Storage,Kerr,Nichols Street,Kerrville,TX,78028,30.0176569,-99.1182477,,,,,,self-storage,C,15,No website found
Canyon Self Storage,Independent,Canyon Self Storage,Randall,North 16th Street,Canyon,TX,79015,34.9845505,-101.9266529,,,,,,self-storage,C,15,No website found
Eagle Storage,Independent,Eagle Storage,Wood,,,TX,,32.6883784,-95.4805284,,,,,,self-storage,C,15,No website found
KeepIt Mini Storage,Chain,KeepIt Mini Storage,Wood,,,TX,,32.6992841,-95.5104803,,,,,,self-storage,C,0,No website found; Chain-managed
KeepIt Mini Storage,Chain,KeepIt Mini Storage,Wood,County Road 2220,Mineola,TX,75773,32.6998612,-95.510339,,,,,,self-storage,C,0,No website found; Chain-managed
A-Plus Super Storage,Independent,A-Plus Super Storage,Lubbock,,,TX,,33.5585879,-101.9569948,,,,,,self-storage,C,15,No website found
B & W Self Storage,Independent,B & W Self Storage,Gray,Alcock Street,Pampa,TX,79065,35.5333813,-100.9865938,,,,,,self-storage,C,15,No website found
Sentry Self Storage,Independent,Sentry Self Storage,Gray,FM 750,Pampa,TX,79065,35.5189198,-100.9901335,,,,,,self-storage,C,15,No website found
Maverick Self Storage,Independent,Maverick Self Storage,Frio,,,TX,,28.894799,-99.0966659,,,,,,self-storage,C,15,No website found
A & B Mini Storage,Chain,A & B Mini Storage,Frio,,,TX,,28.9025465,-99.0915148,,,,,,self-storage,C,0,No website found; Chain-managed
G.E.T. Storage,Independent,G.E.T. Storage,Gregg,Hollybrook Drive,Longview,TX,75605,32.5325682,-94.7038413,,,,,,self-storage,C,15,No website found
Alpine Storage,Independent,Alpine Storage,Gregg,,,TX,,32.5362472,-94.7019291,,,,,,self-storage,C,15,No website found
Key Storage,Independent,Key Storage,Bexar,East Sonterra Boulevard,San Antonio,TX,78258,29.6153937,-98.4689442,,,,,,self-storage,C,15,No website found
Lock Box West,Independent,Lock Box West,Gregg,West Marshall Avenue,Longview,TX,75604,32.5104983,-94.8174453,,,,,,self-storage,C,15,No website found
CornerStone Boat & Mini Storage,Chain,CornerStone Boat & Mini Storage,,,,TX,,36.1484017,-95.8388404,918-438-1112,,,,,self-storage,C,0,Chain-managed
Space City Self Storage,Independent,Space City Self Storage,Harris,Hiram Clarke Road,,TX,,29.6360486,-95.4459631,,,,,,self-storage,C,15,No website found
All Storage I-40 East,Independent,All Storage I-40 East,Potter,East Interstate Drive,Amarillo,TX,79118,35.1936954,-101.7482051,,,,,,self-storage,C,15,No website found
Extra Space Storage,Chain,Extra Space Storage,Bexar,Blanco Road,San Antonio,TX,78216,29.5265796,-98.5044778,,,,,,self-storage,C,0,No website found; Chain-managed
Public Storage,Chain,Public Storage,Bexar,Blanco Road,San Antonio,TX,78216,29.5246534,-98.5040884,,,,,,self-storage,C,0,No website found; Chain-managed
Public Storage,Chain,Public Storage,Bexar,FM78,San Antonio,TX,78244,29.482188,-98.3560555,210-468-1000,,,,,self-storage,C,0,Chain-managed
Riverside Self Storage,Independent,Riverside Self Storage,,,,TX,,36.0597291,-95.9715086,,,,,,self-storage,C,15,No website found
528 Self Storage,Independent,528 Self Storage,,,,TX,,35.3116189,-106.5803902,,,,,,self-storage,C,15,No website found
CubeSmart Self Storage,Chain,CubeSmart Self Storage,Denton,South Interstate 35E,Denton,TX,76205,33.1961533,-97.1320951,,,,,,self-storage,C,0,No website found; Chain-managed
Lock-Away Self Storage,Independent,Lock-Away Self Storage,Dallas,Scyene Road,Mesquite,TX,75149,32.7682786,-96.6142335,,,,,,self-storage,C,15,No website found
C & B Mini Storage,Chain,C & B Mini Storage,Wise,,,TX,,33.2457466,-97.5811443,,,,,,self-storage,C,0,No website found; Chain-managed
Baseball Field Storage Facility,Independent,Baseball Field Storage Facility,,University Boulevard Southeast,,NM,,35.0652382,-106.6337172,,,,,,self-storage,C,15,No website found
West 18th Street Storage,Independent,West 18th Street Storage,Harris,,,TX,,29.801305,-95.4361395,,,,,,self-storage,C,15,No website found
Greenbelt Mini-Storage,Independent,Greenbelt Mini-Storage,Carson,Park Avenue,Panhandle,TX,79068,35.3409562,-101.3811171,,,,,,self-storage,C,15,No website found
Extra Space Storage,Chain,Extra Space Storage,,East 102nd Street South,Tulsa,OK,74133,36.0148678,-95.8841924,,,,,,self-storage,C,0,No website found; Chain-managed
A Better Place Self Storage,Independent,A Better Place Self Storage,Nueces,South Port Avenue,Corpus Christi,TX,78415,27.7536038,-97.4205634,,,,,,self-storage,C,15,No website found
Crowsstown Mini-Storage,Independent,Crowsstown Mini-Storage,Nueces,Crosstown Expressway,Corpus Christi,TX,78415,27.7546118,-97.4206844,,,,,,self-storage,C,15,No website found
Extra Space Storage,Chain,Extra Space Storage,Nueces,I-37 Frontage Road,Corpus Christi,TX,78410,27.8493064,-97.5758923,,,,,,self-storage,C,0,No website found; Chain-managed
Safeguard Mini Storage,Chain,Safeguard Mini Storage,Nueces,I-37 Frontage Road,Corpus Christi,TX,78410,27.8486512,-97.5732464,,,,,,self-storage,C,0,No website found; Chain-managed
Extra Space Storage,Chain,Extra Space Storage,Bexar,Nacogdoches Road,San Antonio,TX,78266,29.5950826,-98.3467675,,,,,,self-storage,C,0,No website found; Chain-managed
CubeSmart,Chain,CubeSmart,Williamson,West Parmer Lane,Austin,TX,78729,30.4613421,-97.7560141,,,,,,self-storage,C,0,No website found; Chain-managed
Lakeshore Boat & RV Storage,Independent,Lakeshore Boat & RV Storage,Wichita,Lake Shore Drive,Wichita Falls,TX,76310,33.8423947,-98.5712337,,,,,,self-storage,C,15,No website found
Belton Mini-Storage,Independent,Belton Mini-Storage,Bell,Cheryl Lane,Belton,TX,76513,31.0563293,-97.4509807,,,,,,self-storage,C,15,No website found
CubeSmart,Chain,CubeSmart,Harris,Westheimer Road,Houston,TX,77063,29.738565,-95.512697,,,,,,self-storage,C,0,No website found; Chain-managed
Wobbe Lane Storage,Independent,Wobbe Lane Storage,,East Randall Wobbe Lane,Springdale,TX,72764,36.2033117,-94.1235805,479-927-2111,,,,,self-storage,C,40,
Smith Lumber Mini Storage,Chain,Smith Lumber Mini Storage,Henderson,US Highway 175 East,Athens,TX,75752,32.1875545,-95.8085756,,,,,,self-storage,C,0,No website found; Chain-managed
Yellow Jacket Mini Storage,Chain,Yellow Jacket Mini Storage,Grayson,Woodlawn Boulevard,Denison,TX,75020,33.7319116,-96.5548031,,,,,,self-storage,C,0,No website found; Chain-managed
About Self Storage,Independent,About Self Storage,Grayson,West Morton Street,Denison,TX,75020,33.7597768,-96.5657272,,,,,,self-storage,C,15,No website found
Keyport Self Storage,Independent,Keyport Self Storage,Grayson,Frisco Road,Sherman,TX,75090,33.6657043,-96.5925093,,,,,,self-storage,C,15,No website found
Longview Self-Storage,Independent,Longview Self-Storage,,Longview Drive,White Rock,NM,87547,35.8251799,-106.2103989,,,,,,self-storage,C,15,No website found
Byron Cowling Moving & Self Storage,Independent,Byron Cowling Moving & Self Storage,Lubbock,,,TX,,33.4848679,-101.8871868,,,,,,self-storage,C,15,No website found
Public Storage,Chain,Public Storage,Dallas,Chestnut Street,Dallas,TX,75226,32.7808295,-96.7777807,,,,,,self-storage,C,0,No website found; Chain-managed
The Attic Self Storage,Independent,The Attic Self Storage,Dallas,Gus Thomasson Road,Mesquite,TX,75150,32.8156205,-96.6382497,,,,,,self-storage,C,15,No website found
Discount Self Storage,Independent,Discount Self Storage,Tom Green,Arden Road,San Angelo,TX,76901,31.4484381,-100.4865146,,,,,,self-storage,C,15,No website found
Dry Creek Self Storage,Independent,Dry Creek Self Storage,Tom Green,North FM 2288,San Angelo,TX,76901,31.5502925,-100.5494973,,,,,,self-storage,C,15,No website found
Angelo Mini Storage,Chain,Angelo Mini Storage,Tom Green,Arden Road,San Angelo,TX,76901,31.448017,-100.5209002,,,,,,self-storage,C,0,No website found; Chain-managed
Hunter's Run Self Storage,Independent,Hunter's Run Self Storage,Tom Green,Green Meadow Drive,San Angelo,TX,76904,31.4215995,-100.4940711,,,,,,self-storage,C,15,No website found
Georgetown Self Storage,Independent,Georgetown Self Storage,Williamson,Lakewood Drive South,Georgetown,TX,78633,30.7035971,-97.7422411,512-413-6378,,,,,self-storage,C,40,
Bigfoot Storage,Independent,Bigfoot Storage,Lubbock,,,TX,,33.613734,-101.9404132,,,,,,self-storage,C,15,No website found
U-Haul Moving & Storage,Chain,U-Haul Moving & Storage,Bexar,Northwest Loop 410,San Antonio,TX,78213,29.5189832,-98.5233186,,,,,,self-storage,C,0,No website found; Chain-managed
Self Storage,Independent,Self Storage,Williamson,Westinghouse Road,Georgetown,TX,78626,30.5913032,-97.6536942,,,,,,self-storage,C,15,No website found
West Fuqua Self Storage,Independent,West Fuqua Self Storage,Harris,West Fuqua Street,Houston,TX,77085,29.6069758,-95.4736745,713-715-4497,,https://www.westfuquaselfstorage.com/,,,self-storage,B,55,
Oak Hill Storage,Independent,Oak Hill Storage,Travis,,,TX,,30.2433051,-97.8849154,,,,,,self-storage,C,15,No website found
Extra Space Storage,Chain,Extra Space Storage,Travis,South Interstate 35,Austin,TX,78704,30.2417536,-97.7374483,,,,,,self-storage,C,0,No website found; Chain-managed
Extra Space Storage,Chain,Extra Space Storage,Travis,Boston Lane,Austin,TX,78735,30.237609,-97.8302961,,,,,,self-storage,C,0,No website found; Chain-managed
Extra Space Storage,Chain,Extra Space Storage,Travis,West US Highway 290,Austin,TX,78736,30.2238306,-97.955394,,,,,,self-storage,C,0,No website found; Chain-managed
Extra Space Storage,Chain,Extra Space Storage,Hays,North Interstate 35,San Marcos,TX,78666,29.8957869,-97.9119503,,,,,,self-storage,C,0,No website found; Chain-managed
Sunbelt Self Storage,Independent,Sunbelt Self Storage,Kaufman,FM 548,Forney,TX,75126,32.7600497,-96.4342197,,,,,,self-storage,C,15,No website found
Burnet Road Self Storage,Independent,Burnet Road Self Storage,Travis,Burnet Road,Austin,TX,78757,30.3409085,-97.740993,512-453-6302,,https://www.burnetroadstorage.com/,,,self-storage,B,55,
CubeSmart,Chain,CubeSmart,Travis,Burnet Road,Austin,TX,78756,30.332647,-97.7395945,512-203-3139,,https://www.cubesmart.com/texas-self-storage/austin-self-storage/3467.html,,,self-storage,C,5,Chain-managed
Public Storage,Chain,Public Storage,Travis,Owen-Tech Boulevard,Austin,TX,78728,30.4289031,-97.6714976,512-643-1602,,https://www.publicstorage.com/self-storage-tx-austin/2534?pid=pslocalsearch,,,self-storage,C,5,Chain-managed
Mountain Storage,Independent,Mountain Storage,,,,TX,,36.4124367,-105.2939256,,,,,,self-storage,C,15,No website found
A-Prime Self Storage,Independent,A-Prime Self Storage,Fayette,East State Highway 71 Bypass,La Grange,TX,78945,29.9213755,-96.8576422,,,,,,self-storage,C,15,No website found
Macho Self Storage,Independent,Macho Self Storage,Ellis,North US Highway 77,Waxahachie,TX,,32.4706696,-96.8315183,,,,,,self-storage,C,15,No website found
Cutting Horse Self Storage,Independent,Cutting Horse Self Storage,Parker,Ric Williamson Memorial Highway,Weatherford,TX,76088,32.782375,-97.8120386,,,,,,self-storage,C,15,No website found
Mayflower Self Storage,Independent,Mayflower Self Storage,Kerr,,,TX,,30.0631311,-99.1205696,830-257-3122,,https://www.mayflowerselfstorage.com/,,,self-storage,B,55,
E-Z Self Storage,Independent,E-Z Self Storage,Kerr,Methodist Encampment Road,Kerrville,TX,78028,30.0654942,-99.1743157,830-257-6059,,,,,self-storage,C,40,
Security Self Storage,Independent,Security Self Storage,Kerr,Methodist Encampment Road,Kerrville,TX,78028,30.0649126,-99.1744755,830-895-4548,,,,,self-storage,C,40,
City Storage,Independent,City Storage,Kerr,Junction Highway,Kerrville,TX,78028,30.0540089,-99.153035,830-896-1050,,https://kerrvillestorage.com/,,,self-storage,B,55,
Public Storage,Chain,Public Storage,Travis,South Lamar Boulevard,Austin,TX,78704,30.2506368,-97.766849,,,,,,self-storage,C,0,No website found; Chain-managed
U-Haul,Chain,U-Haul,Harris,FM 1960 West,Houston,TX,77070,29.9446041,-95.5652015,,,,,,self-storage,C,0,No website found; Chain-managed
Sitzes Self-Storage,Independent,Sitzes Self-Storage,Taylor,Dub Wright Boulevard,Abilene,TX,79606,32.4083912,-99.8055533,,,,,,self-storage,C,15,No website found
Lockaway Storage (Crestway),Independent,Lockaway Storage (Crestway),Bexar,,,TX,,29.4992886,-98.322499,,,,,,self-storage,C,15,No website found
Blue Sky Self Storage,Independent,Blue Sky Self Storage,Kendall,Interstate 10 West,Boerne,TX,78006,29.7435285,-98.6904062,,,,,,self-storage,C,15,No website found
John's Road Mini-Storage,Independent,John's Road Mini-Storage,Kendall,Interstate 10 West,Boerne,TX,78006,29.7965878,-98.7513086,,,,,,self-storage,C,15,No website found
One Buck Storage,Independent,One Buck Storage,Bexar,Interstate 10 West,Boerne,TX,78006,29.7279946,-98.6776098,,,,,,self-storage,C,15,No website found
Lakeline Storage,Independent,Lakeline Storage,Williamson,South Lakeline Boulevard,Austin,TX,78717,30.480893,-97.7950462,512-219-9988,,https://premiumspaces.com/locations/texas/austin/lakeline-storage/,,,self-storage,B,55,
Attic Pantry Mini Storage,Chain,Attic Pantry Mini Storage,Kendall,Interstate 10 West,Boerne,TX,78006,29.7650149,-98.7154302,,,,,,self-storage,C,0,No website found; Chain-managed
American Eagle RV Storage,Independent,American Eagle RV Storage,Kendall,Interstate 10 West,Boerne,TX,78006,29.7660331,-98.7155087,,,,,,self-storage,C,15,No website found
Lockaway Storage,Independent,Lockaway Storage,Bowie,New Boston Road,Texarkana,TX,75501,33.4440098,-94.1026652,,,,,,self-storage,C,15,No website found
Self Storage,Independent,Stor,Bexar,Blanco Road,San Antonio,TX,78232,29.6049171,-98.510121,,,,,,self-storage,C,15,No website found
Monaco Self Storage,Independent,Monaco Self Storage,Webb,,,TX,,27.5944685,-99.4812609,,,,,,self-storage,C,15,No website found
Extra Space Storage,Chain,Extra Space Storage,Bexar,Marbach Road,San Antonio,TX,78245,29.4182305,-98.6709081,210-645-0325,,,,,self-storage,C,0,Chain-managed
Marbach Road Self Storage,Independent,Marbach Road Self Storage,Bexar,Marbach Road,San Antonio,TX,78245,29.4192567,-98.6878894,210-673-1927,,http://www.diamondselfstorage.net/,,,self-storage,B,55,
Extra Space Storage,Chain,Extra Space Storage,Bexar,Marbach Road,San Antonio,TX,78245,29.4190177,-98.6766985,210-675-2751,,,,,self-storage,C,0,Chain-managed
City Storage,Independent,City Storage,Kerr,Country Club Drive,Kerrville,TX,,30.0547845,-99.1307213,,,,,,self-storage,C,15,No website found
Agent Barry RV and Boat Storage,Independent,Agent Barry RV and Boat Storage,,East 18th Street,Texarkana,AR,71854,33.4388986,-94.0201837,,,,,,self-storage,C,15,No website found
A-Plus Storage,Independent,A-Plus Storage,Moore,,,TX,,35.8540548,-101.9633932,806-935-6951,,,,,self-storage,C,40,
Proctor Storage,Independent,Proctor Storage,Comanche,,,TX,,31.9896398,-98.4340093,,,,,,self-storage,C,15,No website found
Material Storage Facility,Independent,Material Storage Facility,,,,TX,,35.396343,-97.621973,,,,,,self-storage,C,15,No website found
Bee Safe,Independent,Bee Safe,Williamson,,,TX,,30.5063043,-97.6862267,,,,,,self-storage,C,15,No website found
Page Moving and Storage,Independent,Page Moving and Storage,,East 11th Street South,Tulsa,OK,74104,36.1475538,-95.9620709,,,,,,self-storage,C,15,No website found
Public Storage,Chain,Public Storage,Harris,Mangum Road,Houston,TX,77092,29.809324,-95.459618,,,,,,self-storage,C,0,No website found; Chain-managed
Turbo Machine Storage Facility,Independent,Turbo Machine Storage Facility,Brazos,,,TX,,30.5902006,-96.3557211,,,,,,self-storage,C,15,No website found
Skyview Storage,Independent,Skyview Storage,Kerr,Junction Highway,Ingram,TX,78025,30.0742233,-99.2283509,830-353-9532,,,,,self-storage,C,40,
A-Plus Storage,Independent,A-Plus Storage,Moore,North Maddox,Dumas,TX,79029,35.8750815,-101.9628644,806-935-6951,,,,,self-storage,C,40,
StorWise Self Storage,Independent,StorWise Self Storage,Kerr,Junction Highway,Kerrville,TX,78025,30.0734607,-99.2126986,830-541-7477,,https://www.storwise.com/self-storage-ingram-tx-f7910,,,self-storage,B,55,
Wacky Wally,Independent,Wacky Wally,,,,TX,,35.1117285,-106.613335,,,,,,self-storage,C,15,No website found
A-AAA Key Mini Storage,Chain,A-AAA Key Mini Storage,Bexar,Spencer Lane,San Antonio,TX,78201,29.4834946,-98.541075,,,,,,self-storage,C,0,No website found; Chain-managed
Stonegate Self Storage,Independent,Stonegate Self Storage,Taylor,South Clack Street,Abilene,TX,79606,32.3973713,-99.7536872,,,,,,self-storage,C,15,No website found
Central Self Storage,Independent,Central Self Storage,Travis,South Congress Avenue,Austin,TX,78745,30.1750229,-97.7841821,512-280-6438,,,,,self-storage,C,40,
Triple-J Mini Storage,Chain,Triple-J Mini Storage,Moore,North Maddox,Dumas,TX,79029,35.8736372,-101.9639616,806-935-3624,,,,,self-storage,C,0,Chain-managed
Keyport Self Storage,Independent,Keyport Self Storage,,South Lewis Avenue East,Tulsa,OK,,36.0686169,-95.9593562,,,,,,self-storage,C,15,No website found
Savage Self Storage,Independent,Savage Self Storage,,,,TX,,34.0167764,-94.7400152,580-236-0855,,,,,self-storage,C,40,
A2Z Self Storage,Independent,A2Z Self Storage,Taylor,Union Lane,Abilene,TX,79601,32.4852432,-99.686794,,,,,,self-storage,C,15,No website found
Self Storage,Independent,Self Storage,Moore,,,TX,,35.8687728,-101.9737909,806-935-6814,,,,,self-storage,C,40,
CKL Mini Storage,Chain,CKL Mini Storage,Johnson,South Interstate 35W,Alvarado,TX,76009,32.4218436,-97.2267279,,,,,,self-storage,C,0,No website found; Chain-managed
Affordable Storage,Independent,Affordable Storage,Moore,,,TX,,35.8679764,-101.972779,806-934-8388,,,,,self-storage,C,40,
Southern Storage,Independent,Southern Storage,,Main Drive,Fayetteville,TX,72704,36.1325791,-94.1481912,479-385-3015,,https://www.rent-storage-units.com/,,,self-storage,B,55,
Extra Space Storage,Chain,Extra Space Storage,Bexar,Bandera Road,San Antonio,TX,78250,29.5454201,-98.6576917,,,,,,self-storage,C,0,No website found; Chain-managed
Extra Space Storage,Chain,Extra Space Storage,Bell,South Clear Creek Road,Killeen,TX,76549,31.0984532,-97.8079881,,,extraspace.com,,,self-storage,C,0,Chain-managed
RV Plus Storage,Independent,RV Plus Storage,Bell,Hackberry Road,Salado,TX,76571,30.8837863,-97.5710112,,,,,,self-storage,C,15,No website found
Mini Storage,Chain,Mini Storage,,,Coweta,OK,74429,35.9657005,-95.6550309,918-798-8293,,,,,self-storage,C,0,Chain-managed
Inner Loop Mini Storage,Chain,Inner Loop Mini Storage,,Shrevepark Drive,Shreveport,LA,71129,32.4320969,-93.8413663,,,,,,self-storage,C,0,No website found; Chain-managed
RV Storage BAFB,Independent,RV Storage BAFB,,,,TX,,32.5169114,-93.6438317,,,,,,self-storage,C,15,No website found
Johnson Mini Storage,Chain,Johnson Mini Storage,,Wilkerson Road,Fayetteville,TX,72704,36.1303483,-94.1633553,479-444-9622,,,,,self-storage,C,0,Chain-managed
Broken Arrow Mini Storage,Chain,Broken Arrow Mini Storage,,,,TX,,36.058243,-95.8130529,,,,,,self-storage,C,0,No website found; Chain-managed
141st Street Mini-Storage,Independent,141st Street Mini-Storage,,,,TX,,35.9578483,-95.6617196,,,,,,self-storage,C,15,No website found
141st Street Mini-Storage,Independent,141st Street Mini-Storage,,East 141st Street South,Coweta,TX,74429,35.9584512,-95.6622192,918-369-1057,,,,,self-storage,C,40,
Gunter Self Storage,Independent,Gunter Self Storage,Grayson,West Maple Street,Gunter,TX,75058,33.4496046,-96.7427473,,,,,,self-storage,C,15,No website found
PODS Moving & Storage,Independent,PODS Moving & Storage,Lubbock,FM 1585,Wolfforth,TX,79382,33.4768571,-102.0102401,,,,,,self-storage,C,15,No website found
Discount Storage: Shop Rentals,Independent,Discount Storage,Lubbock,Frankford ave.,Lubbock,TX,79424,33.4732904,-101.9357463,806-698-1598,,,,,self-storage,C,40,
Elite Self Storage,Independent,Elite Self Storage,Grayson,US Highway 75,Van Alstyne,TX,75495,33.4317702,-96.5932256,,,,,,self-storage,C,15,No website found
Wesley Street Storage,Independent,Wesley Street Storage,Hunt,Wesley Street,Greenville,TX,75402,33.0854317,-96.10983,903-228-3602,,https://www.texasstandardstorage.com/self-storage-greenville-tx-f9573,,,self-storage,B,55,
Devon Self Storage,Independent,Devon Self Storage,Hunt,Wesley Street,Greenville,TX,75402,33.0894648,-96.1091018,903-303-2190,,https://www.devonselfstorage.com/self-storage/tx/greenville/wesley-st/,,,self-storage,B,55,
The Storage Place #1,Independent,The Storage Place #1,,US 70,,NM,88310,32.8730706,-105.9680674,,,,,,self-storage,C,15,No website found
CubeSmart,Chain,CubeSmart,Hays,Cromwell Drive,Kyle,TX,78640,30.0159611,-97.871009,,,,,,self-storage,C,0,No website found; Chain-managed
Hwy 54 Self Storage,Independent,Hwy 54 Self Storage,El Paso,Dyer Street,El Paso,TX,79934,31.9497392,-106.3674304,,,,,,self-storage,C,15,No website found
Public Storage,Chain,Public Storage,Harris,Westheimer Road,Houston,TX,,29.7431634,-95.4082686,,,,,,self-storage,C,0,No website found; Chain-managed
Raincross Storage,Independent,Raincross Storage,Hunt,Traders Road,Greenville,TX,75402,33.0931001,-96.1045383,903-455-7867,,https://www.raincrossstorage.com/,,,self-storage,B,55,
Alamo Mini Storage,Chain,Alamo Mini Storage,,,,TX,,32.8887739,-105.9381872,,,,,,self-storage,C,0,No website found; Chain-managed
J&M Mini Storage,Chain,J&M Mini Storage,,,,TX,,32.8886625,-105.9355726,,,,,,self-storage,C,0,No website found; Chain-managed
Climate Self Storage,Independent,Climate Self Storage,El Paso,Artcraft Road,El Paso,TX,79932,31.8813897,-106.591514,,,,,,self-storage,C,15,No website found
Patriot Self Storage,Independent,Patriot Self Storage,,,,TX,,32.9157304,-105.9289771,,,,,,self-storage,C,15,No website found
CubeSmart Self Storage,Chain,CubeSmart Self Storage,El Paso,Montana Avenue,El Paso,TX,79935,31.7970482,-106.3305733,,,,,,self-storage,C,0,No website found; Chain-managed
City Storage,Independent,City Storage,Kerr,Francisco Lemos Street,Kerrville,TX,78028,30.0536559,-99.1446684,,,,,,self-storage,C,15,No website found
Trojan Self Storage,Independent,Trojan Self Storage,,,,TX,,35.9890288,-95.9767977,,,,,,self-storage,C,15,No website found
J3 Storage Solutions,Independent,J3 Storage Solutions,,,,TX,,32.9402471,-105.9640337,,,,,,self-storage,C,15,No website found
Affordable Storage,Independent,Affordable Storage,Moore,South Porter Avenue,Dumas,TX,79029,35.86364,-101.9742381,806-934-8388,,,,,self-storage,C,40,
Rio Grande Mini Storage Del Rio,Chain,Rio Grande Mini Storage Del Rio,Val Verde,US Highway 90 West,Del Rio,TX,78840,29.4327568,-100.9115661,,,,,,self-storage,C,0,No website found; Chain-managed
Lone Star Stor/All,Independent,Lone Star Stor/All,Harris,,,TX,,29.9280233,-95.072897,,,,,,self-storage,C,15,No website found
Hole-In-One Storage,Independent,Hole-In-One Storage,Moore,,,TX,,35.9230039,-101.9642989,+1-806-935-9992;+1-806-930-0487,,,,,self-storage,C,40,
Public Storage,Chain,Public Storage,Harris,Northwest Freeway,Cypress,TX,77433,29.982928,-95.7231774,,,,,,self-storage,C,0,No website found; Chain-managed
Howdy Boat & RV Storage,Independent,Howdy Boat & RV Storage,Burnet,East Ranch Road 1431,Marble Falls,TX,78654,30.5716865,-98.2380658,,,,,,self-storage,C,15,No website found
U-Haul,Chain,U-Haul,,Cerrillos Road,Santa Fe,NM,,35.6262523,-106.0262176,,,,,,self-storage,C,0,No website found; Chain-managed
Lago Vista Storage,Independent,Lago Vista Storage,Eastland,,,TX,,32.3995098,-98.8022271,,,https://www.self-storage-eastland.com/,,yes,self-storage,C,40,
U Store & Lock,Independent,U Store & Lock,Kerr,Junction Highway,Kerrville,TX,78028,30.0742199,-99.1945015,830-895-3330,,https://u-store-lock.business.site/,,,self-storage,B,55,
Extra Space Storage,Chain,Extra Space Storage,Denton,Frankford Road,Dallas,TX,75287,32.9974611,-96.8496728,855-847-9076,,https://www.extraspace.com/storage/facilities/us/texas/dallas/1954/,,,self-storage,C,5,Chain-managed
Prime Storage,Independent,Prime Storage,,,,TX,,36.1195037,-95.9408816,,,,,,self-storage,C,15,No website found
Memorial South Mini Storage,Chain,Memorial South Mini Storage,,,,TX,,36.0349012,-95.8873763,,,,,,self-storage,C,0,No website found; Chain-managed
Self Storage,Independent,Self Storage,Bexar,Marbach Road,San Antonio,TX,78245,29.4184471,-98.6666579,,,,,,self-storage,C,15,No website found
Personal Space Self Storage,Independent,Personal Space Self Storage,Hockley,East State Highway 114,Levelland,TX,79336,33.5941308,-102.3112797,,,,,,self-storage,C,15,No website found
Rockin' N Mini Storage,Chain,Rockin' N Mini Storage,Madison,FM 39 North,North Zulch,TX,77872,30.9290687,-96.1108718,,,,,,self-storage,C,0,No website found; Chain-managed
Superior Storage,Independent,Superior Storage,Gregg,McCann Road,Longview,TX,75605,32.5496967,-94.7560373,,,,,,self-storage,C,15,No website found
1565 Storage,Independent,1565 Storage,Hunt,FM 1565,Caddo Mills,TX,75135,33.0059263,-96.2379543,903-206-2892,,https://www.texasstandardstorage.com/self-storage-caddo-mills-tx-f1540,,,self-storage,B,55,
CubeSmart,Chain,CubeSmart,Hunt,West I-30,Caddo Mills,TX,75135,33.0059538,-96.2234778,903-527-3700,,https://www.storeitalltexas.com/,,,self-storage,C,5,Chain-managed
Willow Park RV Storage construction,Independent,Willow Park RV Storage construction,Parker,,,TX,,32.742528,-97.6640112,,,,,,self-storage,C,15,No website found
SmartStop Self Storage,Chain,SmartStop Self Storage,Harris,Northwest Freeway,Cypress,TX,77433,29.983751,-95.7250469,,,,,,self-storage,C,0,No website found; Chain-managed
Public Storage,Chain,Public Storage,Harris,Larkwood Drive,Houston,TX,77074,29.6859235,-95.506886,,,,,,self-storage,C,0,No website found; Chain-managed
Bo's Self Storage,Independent,Bo's Self Storage,Galveston,Highway 146 North,La Marque,TX,77568,29.3345723,-94.9297701,,,,,,self-storage,C,15,No website found
Coweta Storage,Independent,Coweta Storage,,,,TX,,35.9529523,-95.6410731,918-279-6500,,,,,self-storage,C,40,
Public Storage,Chain,Public Storage,Denton,North Interstate 35,Denton,TX,76207,33.2208215,-97.1722492,,,,,,self-storage,C,0,No website found; Chain-managed
CubeSmart,Chain,CubeSmart,Bastrop,State Highway 71 West,Bastrop,TX,78602,30.1068991,-97.3376411,512-980-4596,,https://www.cubesmart.com,,,self-storage,C,5,Chain-managed
Macho Self Storage,Independent,Macho Self Storage,Denton,Fort Worth Drive,Denton,TX,76201,33.200339,-97.1358593,,,,,,self-storage,C,15,No website found
D&L RV Storage,Independent,D&L RV Storage,Scurry,Sweetwater Highway,Snyder,TX,79549,32.6997874,-100.8781666,,,,,,self-storage,C,15,No website found
US Storage Centers,Independent,US Storage Centers,Denton,Swisher Road,Corinth,TX,76210,33.131217,-97.0512701,,,,,,self-storage,C,15,No website found
Extra Space Storage,Chain,Extra Space Storage,Denton,Swisher Road,Corinth,TX,76210,33.131578,-97.0504261,,,,,,self-storage,C,0,No website found; Chain-managed
Stuff Safe Secure Storage,Independent,Stuff Safe Secure Storage,Kerr,Junction Highway,Kerrville,TX,78028,30.0721493,-99.2170598,830-367-2900,,https://www.stuffsafesecurestorage.com/pages/rent-junction,,,self-storage,B,55,
Corinth Mini Storage,Chain,Corinth Mini Storage,Denton,South Interstate 35E,Corinth,TX,76210,33.1511589,-97.0575935,,,,,,self-storage,C,0,No website found; Chain-managed
All Dry Storage,Independent,All Dry Storage,,,,TX,,35.2556987,-95.5762062,,,,,,self-storage,C,15,No website found
Poppa's Storage,Independent,Poppa's Storage,,,,TX,,35.2396228,-95.5365642,,,,,,self-storage,C,15,No website found
Public Storage,Chain,Public Storage,Tarrant,Avondale Haslet Road,Fort Worth,TX,76179,32.9686194,-97.4219214,,,,,,self-storage,C,0,No website found; Chain-managed
Classic Mini Storage,Chain,Classic Mini Storage,,,,TX,,35.9741228,-95.6613075,918-486-3910,,,,,self-storage,C,0,Chain-managed
Daisy Storage,Independent,Daisy Storage,,,,TX,,34.8461191,-95.5587465,918-297-3491,,,,,self-storage,C,40,
Extra Space Storage,Chain,Extra Space Storage,Dallas,Banner Drive,,TX,,32.9205703,-96.7748651,,,,,,self-storage,C,0,No website found; Chain-managed
183 Storage,Independent,183 Storage,Williamson,South Highway 183,Leander,TX,78641,30.5542204,-97.8428334,512-796-8572,,https://183storage.com,,,self-storage,B,55,
PK Boat & RV Storage,Independent,PK Boat & RV Storage,Palo Pinto,North FM 2353,Graford,TX,76449,32.9329238,-98.4187441,,,,,,self-storage,C,15,No website found
Extra Space Storage,Chain,Extra Space Storage,Williamson,West Hero Way,Leander,TX,78641,30.5795474,-97.868793,,,https://extraspace.com,,,self-storage,C,0,Chain-managed
Public Storage,Chain,Public Storage,Williamson,East Sonny Drive,Leander,TX,78641,30.5680993,-97.8472382,,,https://publicstorage.com,,,self-storage,C,0,Chain-managed
Extra Space Storage,Chain,Extra Space Storage,Williamson,East Crystal Falls Parkway,Leander,TX,78641,30.5593107,-97.8434611,,,,,,self-storage,C,0,No website found; Chain-managed
287 RV Storage,Independent,287 RV Storage,Moore,,,TX,,35.8784179,-101.9737347,806-930-7669,,https://www.dumasrvstorage.com/,,,self-storage,B,55,
Grapevine Storage House,Independent,Grapevine Storage House,Tarrant,East Hudgins Street,,TX,,32.9347306,-97.0765691,817-488-6304,,,,,self-storage,C,40,
Extra Space Storage,Chain,Extra Space Storage,Harris,South Gessner Drive,Houston,TX,77071,29.6657271,-95.5277369,,,https://www.extraspace.com/storage/facilities/us/texas/houston/6501,,,self-storage,C,0,Chain-managed
North Loop Mini Storage,Chain,North Loop Mini Storage,Henderson,Northeast Loop 7,Athens,TX,75751,32.2266022,-95.8218145,,,,,,self-storage,C,0,No website found; Chain-managed
Spare Feet Self Storage,Independent,Spare Feet Self Storage,Randall,Hunsley Road,Canyon,TX,79015,35.0000487,-101.9312336,,,,,,self-storage,C,15,No website found
CATARINA OIL STORAGE FACILITY FUEL GAS L,Independent,"Williams MPL Operating, LLC",Dimmit,,,TX,,28.3559929,-99.6616822,,,,,,self-storage,C,15,No website found
Noble Self Storage,Independent,Noble Self Storage,,,,TX,,35.1469221,-97.3935451,,,,,,self-storage,C,15,No website found
S.W.P Self Storage,Independent,S.W.P Self Storage,Briscoe,,,TX,,34.3669569,-101.0526663,,,,,,self-storage,C,15,No website found
Covenant Self Storage,Independent,Covenant Self Storage,Briscoe,,Quitaque,TX,79255,34.3695076,-101.0595455,,,,,,self-storage,C,15,No website found
Public Storage,Chain,Public Storage,Bexar,West Sunset Road,San Antonio,TX,78216,29.5088935,-98.4780164,210-446-0547,,https://www.publicstorage.com/self-storage-tx-san-antonio/625,,,self-storage,C,5,Chain-managed
Affordable Self Storage,Independent,Affordable Self Storage,Denton,Shady Oaks Drive,Denton,TX,76205,33.2007375,-97.1183238,940-566-1013,,,,,self-storage,C,40,
Affordable Self Storage,Independent,Affordable Self Storage,Denton,Smith Street,Denton,TX,76205,33.2018704,-97.1262311,,,,,,self-storage,C,15,No website found
Greenbelt Mini-Storage,Independent,Greenbelt Mini-Storage,Briscoe,,Silverton,TX,79257,34.4745349,-101.3015862,,,,,,self-storage,C,15,No website found
"K&D Storage, Inc.",Independent,"K&D Storage, Inc.",Williamson,South Bagdad Road,Leander,TX,78641,30.5631106,-97.8641247,512-259-8007,,,,,self-storage,C,40,
U-Haul,Chain,U-Haul,Harris,North Freeway,Houston,TX,,29.9378939,-95.4142474,,,,,,self-storage,C,0,No website found; Chain-managed
Floydada Storage Spot,Independent,Floydada Storage Spot,Floyd,North 5th Street,Floydada,TX,79235,33.9863819,-101.335965,,,,,,self-storage,C,15,No website found
West Texas Mini Storage,Chain,West Texas Mini Storage,Floyd,South Wall Street,Floydada,TX,79235,33.9834904,-101.3330553,,,,,,self-storage,C,0,No website found; Chain-managed
Guardian Self Storage,Independent,Guardian Self Storage,Tom Green,Southland Boulevard,San Angelo,TX,76904,31.4245061,-100.5096953,,,,,,self-storage,C,15,No website found
Affordable Self Storage,Independent,Affordable Self Storage,Tom Green,Southland Boulevard,San Angelo,TX,76904,31.4233645,-100.5098646,,,,,,self-storage,C,15,No website found
Lone Star Storage,Independent,Lone Star Storage,Comal,South Seguin Avenue,New Braunfels,TX,78130,29.6836419,-98.1079739,,,,,,self-storage,C,15,No website found
Affordable Super Storage,Independent,Affordable Super Storage,Tom Green,US Highway 67 South,San Angelo,TX,76904,31.4222705,-100.5275358,325-223-8302,,,,,self-storage,C,40,
Five Star Storage,Independent,Five Star Storage,Grayson,,,TX,,33.6610159,-96.6162987,,,,,,self-storage,C,15,No website found
Premium Storage,Independent,Premium Storage,Grayson,,,TX,,33.6841761,-96.5814221,,,,,,self-storage,C,15,No website found
3M Self Storage,Independent,3M Self Storage,Wichita,FM 369 North,Pleasant Valley,TX,76367,33.9432399,-98.6023592,,,,,,self-storage,C,15,No website found
StoreLine Self Storage,Independent,StoreLine Self Storage,Wichita,10th Street,Wichita Falls,TX,76301,33.9057492,-98.4986262,,,,,,self-storage,C,15,No website found
Brook & Kell Self Storage,Independent,Brook & Kell Self Storage,Wichita,Brook Avenue,Wichita Falls,TX,76301,33.8926132,-98.504477,,,,,,self-storage,C,15,No website found
Advantage Storage,Independent,Advantage Storage,Dallas,Lakeview Parkway,Rowlett,TX,75088,32.907152,-96.5511176,972-412-2188,,https://www.advantagestorage.net/storage-locations/tx/rowlett/5200-lakeview-parkway/,,,self-storage,B,55,
Texoma RV & Boat Storage,Independent,Texoma RV & Boat Storage,,Golden Oakes Road,Gordonville,TX,76245,33.8442436,-96.8372724,,,,,,self-storage,C,15,No website found
Public Storage,Chain,Public Storage,Harris,Harwin Drive,Houston,TX,77036,29.7179354,-95.5213835,,,,,,self-storage,C,0,No website found; Chain-managed
Copper Safe Storage,Independent,Copper Safe Storage,Anderson,Crockett Road,Palestine,TX,75801,31.7379214,-95.6135454,903-729-7652,,,,,self-storage,C,40,
ODR RV Storage,Independent,Kirtland AFB Outdoor Recreation,,,,TX,,35.0075451,-106.5218302,,,,,,self-storage,C,15,No website found
U-Haul,Chain,U-Haul,,4th Street Northwest,Albuquerque,NM,87102,35.1071225,-106.6480615,,,,,,self-storage,C,0,No website found; Chain-managed
Palo Alto Self Storage,Independent,Palo Alto Self Storage,Bexar,Poteet Jourdanton Freeway,San Antonio,TX,78224,29.3338439,-98.5498213,,,,,,self-storage,C,15,No website found
Otter Self Storage,Independent,Otter Self Storage,Bexar,Southwest Loop 410,San Antonio,TX,78224,29.3186772,-98.5312861,,,,,,self-storage,C,15,No website found
Store Space,Independent,Store Space,Harris,South Willow Drive,Houston,TX,77035,29.6531695,-95.4757838,832-318-0009,,,,,self-storage,C,40,
Pleasant Hill Self Storage,Independent,Pleasant Hill Self Storage,Williamson,East Crystal Falls Parkway,Leander,TX,78641,30.5715869,-97.8059195,512-744-5638,,,,,self-storage,C,40,
Amy's Attic Self Storage,Independent,Amy's Attic Self Storage,McLennan,South New Road,Waco,TX,76711,31.5076775,-97.1560915,,,,,,self-storage,C,15,No website found
Storehouse Storage Waco,Independent,Storehouse Storage Waco,McLennan,South New Road,Waco,TX,76711,31.5076579,-97.1483966,254-644-0312,,,,,self-storage,C,40,
Simply Self Storage,Independent,Simply Self Storage,Denton,FM 423,Frisco,TX,75034,33.1485641,-96.8901609,972-668-0116,,https://www.simplyss.com/,,,self-storage,B,55,
U-Haul,Chain,U-Haul,Bexar,FM78,San Antonio,TX,78244,29.4843208,-98.3549138,210-399-0359,,,,,self-storage,C,0,Chain-managed
Lockaway Storage,Independent,Lockaway Storage,Bexar,FM78,San Antonio,TX,78244,29.4818124,-98.3590695,,,,,,self-storage,C,15,No website found
U-Haul,Chain,U-Haul,,East Shawnee Street,Muskogee,OK,74403,35.7718098,-95.3567024,,,,,,self-storage,C,0,No website found; Chain-managed
Super Storage,Independent,Super Storage,Washington,FM 389,Brenham,TX,77833,30.1500354,-96.415794,,,,,,self-storage,C,15,No website found
Storage Center at Craig Ranch,Independent,Storage Center at Craig Ranch,Collin,,,TX,,33.1529336,-96.729697,,,,,,self-storage,C,15,No website found
Wylie Mini Storage,Chain,Wylie Mini Storage,Taylor,Buffalo Gap Road,Abilene,TX,79606,32.3553388,-99.7851136,,,,,,self-storage,C,0,No website found; Chain-managed
Good Shepherd Storage,Independent,Good Shepherd Storage,Collin,,,TX,,33.4037749,-96.7377599,,,,,,self-storage,C,15,No website found
Hideaway North Storage,Independent,Hideaway North Storage,,Northwood South Road,Shreveport,LA,71107,32.5984961,-93.8475979,318-795-8111,,,,,self-storage,C,40,
Blanchard Self Storage,Independent,Blanchard Self Storage,,Old Mooringsport Road,Shreveport,LA,71107-9251,32.6078941,-93.8719393,318-929-9906,,,,,self-storage,C,40,
Alameda Storage,Independent,Alameda Storage,,,,TX,,35.1852281,-106.5715395,,,,,,self-storage,C,15,No website found
Copper Safe Storage,Independent,Copper Safe Storage,Johnson,West Westhill Drive,Cleburne,TX,76033,32.3413558,-97.38777,817-641-8615,,,,,self-storage,C,40,
Texan Self Storage,Independent,Texan Self Storage,Gillespie,East US Highway 290,Fredericksburg,TX,78624,30.2318068,-98.8286973,,,,,,self-storage,C,15,No website found
Cornerstone Mini Storage,Chain,Cornerstone Mini Storage,Johnson,West Henderson Street,Cleburne,TX,76033,32.3362977,-97.4151295,,,https://www.cornerstoneincleburne.com,,,self-storage,C,0,Chain-managed
Colonial Mini Storage,Chain,Colonial Mini Storage,Johnson,South Colonial Drive,Cleburne,TX,76033,32.3354591,-97.4143196,+1-817-369-3974;+1-817-558-9819,,https://www.colonialmini.com,,,self-storage,C,5,Chain-managed
A Toy Box Storage,Independent,A Toy Box Storage,San Patricio,West Wheeler Avenue,Aransas Pass,TX,78336,27.9210693,-97.1699323,,,,,,self-storage,C,15,No website found
Sweet Bay Mini Barns,Independent,Sweet Bay Mini Barns,San Patricio,North Avenue A,Aransas Pass,TX,78336,27.9213788,-97.1583734,361-758-1818,,,,,self-storage,C,40,
Sitzes Self Storage,Independent,Sitzes Self Storage,Johnson,East Katherine P Raines Road,Cleburne,TX,76031,32.3779161,-97.3808292,,,https://www.sitzesselfstorage.com/,,yes,self-storage,C,40,
Stor Self Storage,Independent,Stor Self Storage,Dallas,Riverside Drive,Irving,TX,75039,32.9089509,-96.9441963,,,,,,self-storage,C,15,No website found
Advantage Storage,Independent,Advantage Storage,Dallas,West Lyndon B Johnson Freeway,Irving,TX,75063,32.9118211,-96.9479989,,,,,,self-storage,C,15,No website found
Leopard Storage,Independent,Leopard Storage,Collin,Estates Parkway,Lucas,TX,75002,33.0988361,-96.61112,214-775-3808,,https://www.myleopardstorage.com/,,,self-storage,B,55,
Self Storage,Independent,Self Storage,Williamson,North Austin Avenue,Georgetown,TX,78626,30.6657666,-97.6668771,,,,,,self-storage,C,15,No website found
Harvest Acres RV Park & Mini Storage,Chain,Harvest Acres RV Park & Mini Storage,Brazoria,County Road 130,Pearland,TX,77581,29.5200351,-95.233706,832-219-7080,,https://www.harvestacresrvpark.com/,,,self-storage,C,5,Chain-managed
Public Storage,Chain,Public Storage,,Northwest Grand Boulevard,Oklahoma City,OK,73116,35.5461201,-97.5670979,405-907-2231,,https://www.publicstorage.com/self-storage-ok-oklahoma-city/5991.html,,,self-storage,C,5,Chain-managed
Public Storage,Chain,Public Storage,Parker,East Interstate 20,Aledo,TX,76008,32.7244391,-97.5841774,,,,,,self-storage,C,0,No website found; Chain-managed
Self Storage,Independent,Self Storage,,Northwest 178th Street,Edmond,OK,73012,35.6527516,-97.5256598,,,,,,self-storage,C,15,No website found
Extra Space Storage,Chain,Extra Space Storage,,Griffin Drive,Edmond,OK,73012,35.6518552,-97.5359327,,,,,,self-storage,C,0,No website found; Chain-managed
Texoma Mini-Storage,Independent,Texoma Mini-Storage,,,,TX,,33.9974262,-96.6919959,,,,,,self-storage,C,15,No website found
Woodrow Self Storage,Independent,Woodrow Self Storage,Lubbock,Loop 493,Lubbock,TX,79423,33.4530038,-101.8441024,,,,,,self-storage,C,15,No website found
Brad's Self Storage,Independent,Brad's Self Storage,Lubbock,50th Street,Lubbock,TX,79424,33.5491558,-101.9439899,,,,,,self-storage,C,15,No website found
Wichita Falls Self Storage,Independent,Wichita Falls Self Storage,Wichita,Southwest Parkway,Wichita Falls,TX,76310,33.8593893,-98.5809805,,,,,,self-storage,C,15,No website found
East Country Self Storage,Independent,East Country Self Storage,Webb,East Country Drive,Laredo,TX,78041,27.5849645,-99.4473577,,,,,,self-storage,C,15,No website found
Attic Storage,Independent,Attic Storage,,,,TX,,35.9914127,-95.8112559,,,,,,self-storage,C,15,No website found
A-AAA Self Storage,Independent,A-AAA Self Storage,,East Kenwood Street,Siloam Springs,AR,72761,36.1745925,-94.5265724,,,,,,self-storage,C,15,No website found
Extra Space Storage,Chain,Extra Space Storage,,South Yale Avenue East,,TX,,36.1032874,-95.9207553,918-962-0306,,https://www.extraspace.com/storage/facilities/us/oklahoma/tulsa/7726/,,,self-storage,C,5,Chain-managed
Locker Storage,Independent,Locker Storage,,East 111th Street South,,TX,74014,36.0032498,-95.6835916,918-279-6500,,,,,self-storage,C,40,
Extra Space Storage,Chain,Extra Space Storage,Dallas,Franklin Drive,Mesquite,TX,75150,32.7942431,-96.6159193,,,,,,self-storage,C,0,No website found; Chain-managed
Click Storage,Independent,Click Storage,,Georgia Avenue,Muskogee,OK,74403,35.7302787,-95.3419868,,,,,,self-storage,C,15,No website found
BLOSS Sales & Rental,Independent,BLOSS Sales & Rental,,West Morrow Road,Sand Springs,OK,74063,36.1330265,-96.1114874,918-245-7511,,https://www.blosssales.com,,,self-storage,B,55,
Extra Space Storage,Chain,Extra Space Storage,Bexar,US Highway 281 North,San Antonio,TX,78258,29.6622082,-98.4488353,,,,,,self-storage,C,0,No website found; Chain-managed
Holly Self Storage,Independent,Holly Self Storage,Wood,,,TX,,32.6550474,-95.2231027,,,,,,self-storage,C,15,No website found
Self Storage,Independent,Self Storage,,Chandler Road,Muskogee,OK,74403,35.7413778,-95.3354776,,,,,,self-storage,C,15,No website found
A-Avanti Self Storage,Independent,A-Avanti Self Storage,,North Country Club Road,Muskogee,OK,74403,35.7423137,-95.3233781,,,,,,self-storage,C,15,No website found
SpareBox Storage,Independent,SpareBox Storage,Brazos,,,TX,,30.5674336,-96.3050007,,,,,,self-storage,C,15,No website found
Public Storage,Chain,Public Storage,Hays,South Interstate 35,Buda,TX,78610,30.0766467,-97.8263591,512-546-7959,,https://www1.publicstorage.com/,,,self-storage,C,5,Chain-managed
Lexington Mini-Storage,Independent,Lexington Mini-Storage,Lee,,,TX,,30.406341,-97.0021036,979-773-4016,,,,,self-storage,C,40,
Colorado City Self Storage,Independent,Colorado City Self Storage,Mitchell,North State Highway 208,Colorado City,TX,79512,32.4157791,-100.8580511,,,,,,self-storage,C,15,No website found
RiteSpace Storage,Independent,RiteSpace Storage,McLennan,,,TX,,31.4607162,-97.1826055,,,,,,self-storage,C,15,No website found
Extra Space Storage,Chain,Extra Space Storage,,Juan Tabo Boulevard Northeast,Albuquerque,NM,87111,35.1378337,-106.5165564,505-420-6999,,,,,self-storage,C,0,Chain-managed
Area 51 Self Storage,Independent,Area 51 Self Storage,,West 50th Street,,TX,74107,36.0913727,-96.0501527,,,,,,self-storage,C,15,No website found
Public Storage,Chain,Public Storage,Travis,West Gate Boulevard,Austin,TX,78748,30.1813751,-97.8405872,512-634-8351,,,,,self-storage,C,0,Chain-managed
Lone Star Storage,Independent,Lone Star Storage,Bastrop,State Highway 71 West,Bastrop,TX,78602,30.1125582,-97.3574504,512-332-0111,,https://www.lonestar-storage.com/,,,self-storage,B,55,
Self Storage,Independent,Self Storage,,East Kenosha Street,Broken Arrow,TX,74014,36.0598946,-95.7241892,918-357-2663,,,,,self-storage,C,40,
FM 707 Self Storage,Independent,FM 707 Self Storage,Taylor,Beltway S,Abilene,TX,79606,32.3492265,-99.7546084,,,,,,self-storage,C,15,No website found
Another Closet Self Storage,Independent,Another Closet Self Storage,Gillespie,FM 2093,Fredericksburg,TX,78624,30.2502135,-98.9011906,,,,,,self-storage,C,15,No website found
Lock & Leave,Independent,Lock & Leave,El Paso,Carter Road,Fort Bliss,TX,79908,31.8069975,-106.4234759,,,https://www.mylockandleavestorage.com/pages/FortBliss,,,self-storage,C,40,
Extra Space Storage,Chain,Extra Space Storage,Williamson,Dawn Drive,Georgetown,TX,78628,30.6650237,-97.6904485,512-364-7202,,https://www.extraspace.com,,,self-storage,C,5,Chain-managed
Public Storage,Chain,Public Storage,Denton,Dale Earnhardt Way,Roanoke,TX,76262,33.024959,-97.2542432,,,,,,self-storage,C,0,No website found; Chain-managed
Maximum Mini Storage West Avenue,Chain,Maximum Mini Storage West Avenue,Bexar,West Avenue,San Antonio,TX,78213,29.5000844,-98.5270376,210-343-1073,,,,,self-storage,C,0,Chain-managed
Cloverleaf Storage,Independent,Cloverleaf Storage,,,,TX,,35.411019,-94.5120072,,,,,,self-storage,C,15,No website found
228 Mini Storage,Chain,228 Mini Storage,Houston,FM 228,Grapeland,TX,75844,31.5051419,-95.4782055,936-687-5769,,,,,self-storage,C,0,Chain-managed
228 Mini Storage,Chain,228 Mini Storage,Houston,,,TX,,31.5051211,-95.47842,,,,,,self-storage,C,0,No website found; Chain-managed
Quality Storages,Independent,Quality Storages,,,,TX,,36.1298385,-95.904273,,,,,,self-storage,C,15,No website found
Murray Self Storage,Independent,Murray Self Storage,,,,TX,,34.9587545,-99.3741724,,,,,,self-storage,C,15,No website found
Space Savers #1,Independent,Space Savers #1,Bexar,Goliad Road,San Antonio,TX,78223,29.3617364,-98.4388713,210-333-2300,,http://saspacesavers.com/,,,self-storage,B,55,
Lockaway Storage,Independent,Lockaway Storage,Bexar,Goliad Road,San Antonio,TX,78223,29.3587487,-98.4360162,210-899-5200,,https://www.lockaway-storage.com,,,self-storage,B,55,
CW Storage,Independent,CW Storage,Carson,East Front Street,Groom,TX,79039,35.2000344,-101.1025342,,,,,,self-storage,C,15,No website found
Public Storage,Chain,Public Storage,Bexar,South Zarzamora Street,San Antonio,TX,78211,29.3769225,-98.5331559,210-782-8553,,https://www.publicstorage.com,,,self-storage,C,5,Chain-managed
Hammel Self Storage,Independent,Hammel Self Storage,Tarrant,North Crowley Road,,TX,,32.6013081,-97.351545,,,https://www.storageincrowleytexas.com/,,,self-storage,C,40,
CubeSmart,Chain,CubeSmart,Williamson,Shell Road,Georgetown,TX,78628,30.7240975,-97.6748271,512-819-4455,,https://www.cubesmart.com/texas-self-storage/georgetown-self-storage/3808.html,,,self-storage,C,5,Chain-managed
The Storage Connection,Independent,The Storage Connection,,North Garnett Road East,Collinsville,OK,74021,36.3348724,-95.8477327,,,,,,self-storage,C,15,No website found
CubeSmart,Chain,CubeSmart,Williamson,North Austin Avenue,Georgetown,TX,78626,30.6658568,-97.6671794,512-863-3141,,https://www.cubesmart.com,,,self-storage,C,5,Chain-managed
U-Haul,Chain,U-Haul,Travis,Three Points Road,Pflugerville,TX,78660,30.4515572,-97.6630705,512-251-7491,,https://www.uhaul.com,,,self-storage,C,5,Chain-managed
A-1 Pflugerville Storage,Independent,A-1 Pflugerville Storage,Travis,West Pflugerville Loop,Pflugerville,TX,78660,30.4538019,-97.6521546,512-251-4650,,https://www.a1pflugervillestorage.com/,,,self-storage,B,55,
CubeSmart Self Storage,Chain,CubeSmart Self Storage,Harris,FM 1960 Bypass Road West,Houston,TX,,30.0040099,-95.3066701,,,,,,self-storage,C,0,No website found; Chain-managed
Pflugerville Self Storage,Independent,Pflugerville Self Storage,Travis,Windermere Drive,Pflugerville,TX,78660,30.4472277,-97.6471448,512-251-7055,,,,,self-storage,C,40,
Windermere Storage,Independent,Windermere Storage,Travis,Windermere Drive,Pflugerville,TX,78660,30.4479479,-97.6470831,512-310-8830,,https://ridgehillinvestments.com/windermere-storage/,,,self-storage,B,55,
Florence MHC & Self Storage,Independent,Florence MHC & Self Storage,Williamson,FM 970,Florence,TX,76527,30.8329567,-97.7942891,,,,,,self-storage,C,15,No website found
Self Storage,Independent,Self Storage,Williamson,Hayden Lane,Florence,TX,76527,30.8462054,-97.7852112,,,,,,self-storage,C,15,No website found
SpareBox Storage,Independent,SpareBox Storage,Williamson,County Road 110,Round Rock,TX,78665,30.5678708,-97.6065345,737-289-5202,,https://www.spareboxstorage.com,,,self-storage,B,55,
SpareBox Storage,Independent,SpareBox Storage,Williamson,County Road 110,Round Rock,TX,78665,30.5571965,-97.6011125,737-289-5201,,,,,self-storage,C,40,
Alamo Mini-Storage,Independent,Alamo Mini-Storage,Williamson,Innovation Boulevard,Hutto,TX,78634,30.545047,-97.5723273,512-729-3710,,https://www.alamoministorage.com,,,self-storage,B,55,
"Affordable Storage RV, Boat, and Shops",Independent,"Affordable Storage RV, Boat, and Shops",Williamson,CR 119,Hutto,TX,78634,30.5816912,-97.5734181,737-245-2111,,https://affordablestoragehutto.com/,,,self-storage,B,55,
Storage King USA,Independent,Storage King USA,Travis,,,TX,,30.3505982,-97.4821242,,,,,,self-storage,C,15,No website found
Krantz Boat & RV Storage,Independent,Krantz Boat & RV Storage,Travis,,,TX,,30.3491712,-97.4875519,,,,,,self-storage,C,15,No website found
CubeSmart,Chain,CubeSmart,Travis,Owen-Tech Boulevard,Austin,TX,78728,30.4371643,-97.6704329,877-279-7585,,https://www.cubesmart.com/,,,self-storage,C,5,Chain-managed
Storology Storage,Independent,Storology Storage,Smith,,,TX,,32.2780811,-95.2758218,,,,,,self-storage,C,15,No website found
Extra Space Storage,Chain,Extra Space Storage,Williamson,Williams Drive,Georgetown,TX,78633,30.7038066,-97.7447937,512-688-9711,,https://www.extraspace.com,,,self-storage,C,5,Chain-managed
Watson & Taylor Self Storage,Independent,Watson & Taylor Self Storage,Travis,,,TX,,30.2679598,-97.6715436,,,,,,self-storage,C,15,No website found
Bergstrom Storage,Independent,Bergstrom Storage,Travis,,,TX,,30.2348248,-97.6878846,,,,,,self-storage,C,15,No website found
Riverside/71 Self Storage,Independent,Riverside/71 Self Storage,Travis,,,TX,,30.218121,-97.6954315,,,,,,self-storage,C,15,No website found
A Austin Storage,Independent,A Austin Storage,Travis,,,TX,,30.2231298,-97.6963737,,,,,,self-storage,C,15,No website found
Self Storage,Independent,Self Storage,,West 4th Street South,Owasso,OK,74055,36.2617702,-95.8557367,,,,,,self-storage,C,15,No website found
Bee Safe Storage and Wine Cellar,Chain,CubeSmart,Travis,,,TX,,30.4379154,-97.6606261,,,,,,self-storage,C,0,No website found; Chain-managed
Public Storage,Chain,Public Storage,Dallas,West Trinity Mills Road,,TX,,32.9818714,-96.9166571,,,,,,self-storage,C,0,No website found; Chain-managed
Extra Space Storage,Chain,Extra Space Storage,Dallas,East Belt Line Road,,TX,,32.9508248,-96.9438285,,,,,,self-storage,C,0,No website found; Chain-managed
Hill Country Boat & RV Storage,Independent,Hill Country Boat & RV Storage,Williamson,Interstate 35 Frontage Road,Georgetown,TX,78626,30.7318029,-97.638896,512-843-0577,,https://www.hillcountryboatandrvstorage.com,,,self-storage,B,55,
Rolling Hills Self Storage,Independent,Rolling Hills Self Storage,,Main Street,Shreveport,LA,71107,32.5794525,-93.889909,,,,,,self-storage,C,15,No website found
Private Warehouse Mini-Storage,Independent,Private Warehouse Mini-Storage,Travis,,,TX,,30.4416211,-97.6115487,,,,,,self-storage,C,15,No website found
AAA Storage Pflugerville,Independent,AAA Storage Pflugerville,Travis,,,TX,,30.4395061,-97.6102116,,,,,,self-storage,C,15,No website found
Metro Self Storage,Independent,Metro Self Storage,Harris,Gessner Road,Houston,TX,77080,29.8067001,-95.5430682,,,https://www.metrostorage.com/locations/tx/houston/metro-self-storage-houston-gessner/,,,self-storage,C,40,
Storage Direct Self Storage,Independent,Storage Direct Self Storage,Williamson,,,TX,,30.5312352,-97.8478243,,,,,,self-storage,C,15,No website found
Mo-Kan Storage,Independent,Mo-Kan Storage,Travis,,,TX,,30.4410792,-97.6179333,,,,,,self-storage,C,15,No website found
Phillip's Self Storage,Independent,Phillip's Self Storage,Smith,East Northeast Loop 323,Tyler,TX,75708,32.3883865,-95.2832387,,,,,,self-storage,C,15,No website found
Bluewater Storage,Independent,Bluewater Storage,Travis,,,TX,,30.4640658,-97.6608069,,,,,,self-storage,C,15,No website found
Round Rock Mini Storage,Chain,Round Rock Mini Storage,Williamson,,,TX,,30.5185825,-97.6645186,,,,,,self-storage,C,0,No website found; Chain-managed
ReadySpaces,Independent,ReadySpaces,Williamson,,,TX,,30.4905077,-97.6314072,,,,,,self-storage,C,15,No website found
StorageTown USA,Independent,StorageTown USA,Travis,,,TX,,30.399335,-97.6401638,,,,,,self-storage,C,15,No website found
BVI Self Storage,Independent,BVI Self Storage,Comanche,,,TX,,31.8957202,-98.6034031,,,,,,self-storage,C,15,No website found
Champion Forest Self Storage,Independent,Champion Forest Self Storage,Harris,Cutten Road,Houston,TX,77069,29.9899175,-95.5502402,281-749-1211,,https://www.championforestselfstorage.com/,,,self-storage,B,55,
Storelocal Storage,Independent,Storelocal Storage,,,,TX,,35.5897954,-97.4335648,,,,,,self-storage,C,15,No website found
Stuebner Airline Self Storage,Independent,Stuebner Airline Self Storage,Harris,Stuebner Airline Road,Houston,TX,77069,29.9996061,-95.5087603,281-749-1255,,https://www.stuebnerairlineselfstorage.com/,,,self-storage,B,55,
Falcon Mini Storage,Chain,Falcon Mini Storage,,East Shawntel Smith Boulevard,Muldrow,OK,74948,35.4051069,-94.5769452,918-427-9883,,https://www.falcon-storage.com/,,,self-storage,C,5,Chain-managed
Cottonwood RV and Storage,Independent,Cottonwood RV and Storage,,South 3rd Street,Jal,NM,,32.1019811,-103.1935596,575-430-6875,,https://cottonwoodrvstorages.com/,,,self-storage,B,55,
1/2 Price Storage,Independent,1/2 Price Storage,Brazoria,,,TX,,29.150685,-95.4295214,,,,,,self-storage,C,15,No website found
Angleton Self Storage,Independent,Angleton Self Storage,Brazoria,,,TX,,29.1854606,-95.4087909,,,,,,self-storage,C,15,No website found
Strickland's Boat and RV Storage,Independent,Strickland's Boat and RV Storage,,East 96th Street South,,TX,74014,36.0235202,-95.7052775,918-251-5634,,,,,self-storage,C,40,
Express Self Storage,Independent,Express Self Storage,Brazoria,,,TX,,29.1774383,-95.4118649,,,,,,self-storage,C,15,No website found
Baker's Mini Storage,Chain,Baker's Mini Storage,,,,TX,,35.4395793,-95.9837215,,,,,,self-storage,C,0,No website found; Chain-managed
Doc's Container Storage,Independent,Doc's Container Storage,,,,TX,,35.9596699,-95.4070349,918-284-5909,,,,,self-storage,C,40,
Moore's Storage,Independent,Moore's Storage,,,Wagoner,TX,,35.9507903,-95.5120153,,,,,,self-storage,C,15,No website found
Arborstone Storage,Independent,Arborstone Storage,,,,TX,,35.948325,-95.3961882,918-802-3066,,https://arborstonestorage.com,,,self-storage,B,55,
Joshua Storage Depot,Independent,Joshua Storage Depot,Johnson,West James Street,Joshua,TX,76058,32.4675483,-97.3892804,817-587-8896,,https://www.joshuastoragedepot.com/100-w-james-st-joshua-tx-76058,,,self-storage,B,55,
Patriot RV & Boat Storage,Independent,Patriot RV & Boat Storage,Williamson,County Road 214,Liberty Hill,TX,78642,30.6722316,-97.9111621,737-667-0662,,https://www.patriotstoragetx.com/,,,self-storage,B,55,
American Self Storage,Independent,American Self Storage,Williamson,TX 29,Liberty Hill,TX,78642,30.6692972,-97.9112285,512-515-5700,,https://www.americanselfstorage-libertyhill.com/,,,self-storage,B,55,
Aspen 51 Storage Center,Independent,Aspen 51 Storage Center,,,,TX,,36.0279442,-95.7318177,,,,,,self-storage,C,15,No website found
Midway RV Storage,Independent,Midway RV Storage,,,,TX,,36.0129303,-95.688794,918-938-1931,,,,,self-storage,C,40,
Quality Storage,Independent,Quality Storage,Coryell,Wells Park,Gatesville,TX,76528,31.4352454,-97.7520258,,,,,,self-storage,C,15,No website found
Gatesville Storage,Independent,Gatesville Storage,Coryell,East Main Street,Gatesville,TX,76528,31.4360397,-97.7323954,254-865-2138,,,,,self-storage,C,40,
Tulsa Downtown Storage,Independent,Tulsa Downtown Storage,,,,TX,,36.1564086,-95.975966,,,,,,self-storage,C,15,No website found
84 Storage.com,Independent,84 Storage.com,Coryell,Magoldi Street,Gatesville,TX,76528,31.4308131,-97.7288723,254-744-1373,,https://www.84storage.com/,,,self-storage,B,55,
Twin Oaks Kilgore Storage,Independent,Twin Oaks Kilgore Storage,Rusk,County Road 192 East,Kilgore,TX,75662,32.3565872,-94.8087462,,,,,,self-storage,C,15,No website found
Ideal Self Storage,Independent,Ideal Self Storage,Coryell,Austin Street,Gatesville,TX,76528,31.4331505,-97.7258509,254-865-5190,,https://www.idealstorage.com,,,self-storage,B,55,
Go Store It Self Storage,Independent,Go Store It Self Storage,Collin,,,TX,,33.21575,-96.6161412,,,,,,self-storage,C,15,No website found
Coryell County Storage,Independent,Coryell County Storage,Coryell,South 34th Street,Gatesville,TX,76528,31.4339094,-97.7110761,254-223-5040,,https://www.coryellcountystorage.com/,,,self-storage,B,55,
Falcon Mini Storage,Chain,Falcon Mini Storage,,,,TX,,35.4049662,-94.5769352,,,,,,self-storage,C,0,No website found; Chain-managed
Easy Stop Storage,Independent,Easy Stop Storage,,East 21st Street South,Tulsa,OK,74112,36.1338437,-95.8343257,,,https://www.easystopstorage.com/locations/tulsa-ok-74129,,,self-storage,C,40,
Quinton's Storage,Independent,Quinton's Storage,Coryell,TX 36,Gatesville,TX,76528,31.4184107,-97.7142502,,,,,,self-storage,C,15,No website found
iStorage,Chain,iStorage,Montgomery,North Loop 336 West,Conroe,TX,77304,30.3300762,-95.4865818,832-957-7814,,https://www.istorage.com/storage/texas/storage-units-conroe/1777-N-Loop-336-W-537?utm_source=google&utm_medium=local&utm_content=537&utm_campaign=localmaps,,,self-storage,C,5,Chain-managed
Sunset Self Storage,Independent,Sunset Self Storage,McLennan,South Main Street,McGregor,TX,76657,31.4241821,-97.3965731,,,,,,self-storage,C,15,No website found
Tower Storage,Independent,Tower Storage,Williamson,Warbonnet Trail,Georgetown,TX,78626,30.6347687,-97.6379097,512-887-9923,,,,,self-storage,C,40,
A-1 Mini Storage,Chain,A-1 Mini Storage,,Phoenix Avenue,Fort Smith,AR,72901,35.3394317,-94.4131363,479-646-4472,,,,,self-storage,C,0,Chain-managed
A-1 Mini Storage,Chain,A-1 Mini Storage,,Jenny Lind Road,Fort Smith,AR,72901,35.3397711,-94.4133863,479-646-4472,,https://www.a1ministoragefortsmith.com/,,,self-storage,C,5,Chain-managed
Towson Avenue Storage,Independent,Towson Avenue Storage,,Towson Avenue,Fort Smith,AR,72901,35.3712733,-94.4209137,,,,,,self-storage,C,15,No website found
Self Storage,Independent,Self Storage,Williamson,County Road 110,Georgetown,TX,78626,30.5992396,-97.6191293,,,,,,self-storage,C,15,No website found
Baize Storage,Independent,Baize Storage,Young,,,TX,,33.3723489,-98.7737774,,,,,,self-storage,C,15,No website found
MyPlace Self Storage,Independent,MyPlace Self Storage,Travis,,,TX,,30.4485333,-97.6377054,,,,,,self-storage,C,15,No website found
Alvarado Self Storage,Independent,Alvarado Self Storage,Johnson,East US Highway 67,Alvarado,TX,76009,32.4152864,-97.2090299,817-790-7770,,https://alvaradoselfstorage.com/,,,self-storage,B,55,
"Countryside Trailer Sales, RV & Boat Storage",Independent,"Countryside Trailer Sales, RV & Boat Storage",Harris,I-45,Spring,TX,77373,30.0824403,-95.4359005,281-353-7858,,https://www.countrysidetrailers.com,,,self-storage,B,55,
Extra Space Storage,Chain,Extra Space Storage,,North May Avenue,Oklahoma City,OK,73112,35.5145145,-97.5642314,,,,,,self-storage,C,0,No website found; Chain-managed
North 130 Storage,Independent,North 130 Storage,Williamson,FM 1105,Weir,TX,78674,30.6776316,-97.5881284,512-930-0190,,,,,self-storage,C,40,
Weir Country Storage,Independent,Weir Country Storage,Williamson,FM 971,Weir,TX,78674,30.6740281,-97.6015072,512-948-3471,,,,,self-storage,C,40,
971 Mini Storage,Chain,971 MINI STORAGE,Williamson,,,TX,,30.6752721,-97.6197844,512-818-5671,,https://971-mini-storage.business.site/,,,self-storage,C,5,Chain-managed
Extra Space Storage,Chain,Extra Space Storage,,Northwest 122nd Street,Oklahoma City,OK,73142,35.5930616,-97.6399067,+1 405 406 1926;+1 877 217 1602,,https://www.extraspace.com/storage/facilities/us/oklahoma/oklahoma_city/1000000792/,,,self-storage,C,5,Chain-managed
Pine Hill Self Storage,Independent,Pine Hill Self Storage,,Pine Hill Road,Shreveport,LA,71107,32.5845609,-93.8475036,318-929-3082,,,,,self-storage,C,40,
Haskell Self Storage,Independent,Haskell Self Storage,,,,TX,,35.8125249,-95.6816175,,,,,,self-storage,C,15,No website found
Stor Galore,Independent,Stor Galore,Hidalgo,North McColl Road,McAllen,TX,78501,26.2295961,-98.208626,,,,,,self-storage,C,15,No website found
Reliable Self Storage,Independent,Reliable Self Storage,Howard,Wasson Road,,TX,,32.2171298,-101.4904399,,,https://www.bigspringstorage.com/,,,self-storage,C,40,
Legacy Self Storage,Independent,Legacy Self Storage,Howard,East 23rd Street,,TX,,32.2341729,-101.464906,,,,,,self-storage,C,15,No website found
SecurCare Self Storage,Independent,SecurCare Self Storage,Harrison,East Marshall Avenue,Longview,TX,75601,32.5031573,-94.6774448,,,,,,self-storage,C,15,No website found
Self Storage,Independent,Self Storage,,,,TX,,35.9509223,-95.5818244,918-694-3681,,,,,self-storage,C,40,
Advantage Storage,Independent,Advantage Storage,,South 17th Street,Lovington,NM,,32.9379602,-103.367665,575-396-2000,,https://www.advantagestorage.net/storage-locations/nm/lovington/1015-s-17th/,,,self-storage,B,55,
United Cold Storage,Independent,United Cold Storage,,East Pine Street North,Tulsa,OK,74115,36.176722,-95.8994847,,,,,,self-storage,C,15,No website found
S&D Storage,Independent,S&D Storage,,,,TX,,36.1766945,-95.9009671,918-272-1494,,,,,self-storage,C,40,
Absolute Self Storage,Independent,Absolute Self Storage,,West 41st Street,Tulsa,TX,74107,36.102779,-96.0792007,918-446-7233,,https://www.absoluteselfstorageok.com/,,,self-storage,B,55,
East Austin Self Storage,Independent,East Austin Self Storage,Travis,,,TX,,30.258854,-97.692502,,,,,,self-storage,C,15,No website found
Live Oak Self Storage,Independent,Live Oak Self Storage,Bosque,Live Oak Street,Clifton,TX,76634,31.7849643,-97.5776302,,,,,,self-storage,C,15,No website found
Public Storage,Chain,Public Storage,Travis,Research Boulevard,Austin,TX,78759,30.4021483,-97.7442012,512-634-8463,,https://www.publicstorage.com,,,self-storage,C,5,Chain-managed
U-Haul,Chain,U-Haul,Bosque,North Avenue G,Clifton,TX,76634,31.7942547,-97.5888233,254-675-2318,,,,,self-storage,C,0,Chain-managed
64 Ministorage,Chain,64 Ministorage,,,,TX,,35.4090136,-94.4950338,918-427-3249,,64ministorage.com,,,self-storage,C,5,Chain-managed
Central Self Storage,Independent,Central Self Storage,Collin,FM 544,Wylie,TX,75098,33.0101595,-96.5838597,972-442-5210,,,,,self-storage,C,40,
Public Storage,Chain,Public Storage,Williamson,South Interstate 35,Georgetown,TX,78628,30.6192461,-97.691273,512-843-5993,,https://www.publicstorage.com,,,self-storage,C,5,Chain-managed
Public Storage,Chain,Public Storage,Williamson,South Interstate 35,Georgetown,TX,78628,30.622372,-97.6917884,512-640-6442,,https://www.publicstorage.com,,,self-storage,C,5,Chain-managed
Champion Self Storage,Independent,Champion Self Storage,Parker,FM 1189,Weatherford,TX,76087,32.6982387,-97.9592504,,,,,,self-storage,C,15,No website found
CubeSmart,Chain,CubeSmart,Smith,State Highway 155 South,Tyler,TX,75703,32.3032141,-95.3389021,,,,,,self-storage,C,0,No website found; Chain-managed
Hudson Bend Boat & Campers Storage,Independent,Hudson Bend Boat & Campers Storage,Travis,,,TX,,30.4082589,-97.9274732,,,,,,self-storage,C,15,No website found
Compass Self Storage,Independent,Compass Self Storage,Rockwall,East Interstate 30,Rockwall,TX,75032,32.9215378,-96.4043817,,,,,,self-storage,C,15,No website found
The Space Place,Independent,The Space Place,Franklin,,,TX,,33.0585281,-95.2198811,,,https://spaceplacetexas.com,,,self-storage,C,40,
Camp Wood Self Storage,Independent,Camp Wood Self Storage,Real,,,TX,,29.6686523,-100.0101284,830-591-6105,,,,,self-storage,C,40,
Lockhart Self Storage,Independent,Lockhart Self Storage,Caldwell,,,TX,,29.8804545,-97.7041569,,,,,,self-storage,C,15,No website found
CenTex Storage Lockhart,Independent,CenTex Storage Lockhart,Caldwell,,,TX,,29.8673373,-97.6677652,,,,,,self-storage,C,15,No website found
Big Tex Storage,Independent,Big Tex Storage,Harris,Montrose Boulevard,,TX,,29.7323629,-95.3904442,,,,,,self-storage,C,15,No website found
CubeSmart,Chain,CubeSmart,Williamson,Boselli Way,Georgetown,TX,78626,30.5775518,-97.6860513,512-591-0880,,https://www.cubesmart.com,,,self-storage,C,5,Chain-managed
Bastrop Self Storage,Independent,Bastrop Self Storage,Bastrop,,,TX,,30.1421719,-97.2508804,,,,,,self-storage,C,15,No website found
CubeSmart,Chain,CubeSmart,Travis,West 5th Street,Austin,TX,78703,30.2725486,-97.7618303,,,,,,self-storage,C,0,No website found; Chain-managed
Avenger Way Storage,Independent,Avenger Way Storage,,Avenger Way,Santa Fe,TX,,35.6372063,-106.0669936,,,,,,self-storage,C,15,No website found
Extra Space Storage,Chain,Extra Space Storage,Bell,Thayer Drive,Killeen,TX,76549,31.0898227,-97.8059261,254-362-5270,,https://www.extraspace.com,,,self-storage,C,5,Chain-managed
G & S Self Storage,Independent,G & S Self Storage,Rains,,,TX,,32.9240012,-95.8644787,,,,,,self-storage,C,15,No website found
To The Point,Independent,To The Point,Rains,,,TX,,32.9288326,-95.8696269,,,,,,self-storage,C,15,No website found
5 Star Boat and RV Storage,Independent,5 Star Boat and RV Storage,Williamson,RM 2243,Georgetown,TX,,30.5951712,-97.766597,737-260-7487,,https://www.trustedselfstorage.com,,,self-storage,B,55,
A-Affordable RV & Boat Storage,Independent,A-Affordable RV & Boat Storage,Burnet,County Road 252,Bertram,TX,78605,30.7506121,-98.1502418,512-788-0768,,https://a-affordablestorage.net,,,self-storage,B,55,
M&M Self Storage,Independent,M&M Self Storage,,Old Highway 66,Edgewood,NM,87015,35.0337839,-106.1252292,505-286-5016,,https://mnmselfstorage.com/,,,self-storage,B,55,
1441 Self Storage,Independent,1441 Self Storage,Bastrop,,,TX,,30.1581027,-97.3160349,,,,,,self-storage,C,15,No website found
Self Storage,Independent,Self Storage,,East Easton Street North,Tulsa,OK,74115,36.1628387,-95.8907583,,,,,,self-storage,C,15,No website found
Cleburne Mini Storage,Chain,Cleburne Mini Storage,Johnson,West Kilpatrick Avenue,Cleburne,TX,76033,32.3666482,-97.4029033,817-645-3232,,https://cleburnemini-storage.com/,,,self-storage,C,5,Chain-managed
Creekside Self Storage,Independent,Creekside Self Storage,Johnson,West Kilpatrick Avenue,Cleburne,TX,,32.3610831,-97.4201533,469-716-0011,,https://www.creeksideselfstoragetx.com/,,,self-storage,B,55,
Keyport Self Storage,Independent,Keyport Self Storage,,North Elm Place,Broken Arrow,OK,,36.0534602,-95.7979054,918-251-0628,,,,,self-storage,C,40,
Blue Sky Self Storage,Independent,Blue Sky Self Storage,Fort Bend,,,TX,,29.6846725,-95.687033,,,,,,self-storage,C,15,No website found
Extra Space Storage,Chain,Extra Space Storage,Hays,Bunton Creek Road,Kyle,TX,78640,29.9939945,-97.846254,512-593-5585,,https://www.extraspace.com,,,self-storage,C,5,Chain-managed
Public Storage,Chain,Public Storage,Dallas,Bunker Hill Road,Sachse,TX,75048,32.9670295,-96.6072169,,,,,,self-storage,C,0,No website found; Chain-managed
RightSpace Self Storage,Independent,RightSpace Self Storage,Williamson,TX 29,Georgetown,TX,78628,30.6392488,-97.8162923,512-729-6780,,https://www.nsastorage.com,,,self-storage,B,55,
Uncle Tank's Self Storage,Independent,Uncle Tank's Self Storage,,,,TX,,36.1761692,-94.2488111,,,,,,self-storage,C,15,No website found
Morningstar Storage,Independent,Morningstar Storage,Harris,Greenhouse Road,,TX,,29.8207095,-95.7025178,,,https://www.morningstarstorage.com/location/302/tx/houston/greenhouse-rd/,,,self-storage,C,40,
Radiant Storage,Independent,Radiant Storage,Jefferson,,,TX,,30.0764201,-94.1369807,,,,,,self-storage,C,15,No website found
Aspen Mini Storage,Chain,Aspen Mini Storage,,East Houston Street,Broken Arrow,TX,74014,36.047949,-95.750575,918-251-7368,,,,,self-storage,C,0,Chain-managed
Aspen Storage Center,Independent,Aspen Storage Center,,West Wedington Drive,Fayetteville,AR,72704,36.0818185,-94.2363775,,,,,,self-storage,C,15,No website found
El Reno Mini Storage,Chain,El Reno Mini Storage,,East Elm Street,El Reno,OK,73036,35.5221962,-97.951768,405-262-3334,,,,,self-storage,C,0,Chain-managed
LockAway Storage,Independent,LockAway Storage,Guadalupe,,,TX,,29.5603328,-98.2518898,,,,,,self-storage,C,15,No website found
Pedigo Storage,Independent,Pedigo Storage,Johnson,West Kilpatrick Avenue,Cleburne,TX,,32.3684076,-97.3993924,817-648-0304,,https://www.pedigostoragetx.com,,,self-storage,B,55,
A&M Storage,Independent,A&M Storage,,,,TX,,36.1464068,-97.0532948,,,,,,self-storage,C,15,No website found
The Fort Storage,Independent,The Fort Storage,,,,TX,,35.3209921,-94.3419488,,,,,,self-storage,C,15,No website found
Total Self Storage,Independent,Total Self Storage,,,,TX,,35.3268031,-94.3816385,,,,,,self-storage,C,15,No website found
Convenient Self Storage,Independent,Convenient Self Storage,,,,TX,,35.3249839,-94.3726212,,,,,,self-storage,C,15,No website found
Corner Post Self Storage,Independent,Corner Post Self Storage,Johnson,East Railroad Street,Godley,TX,,32.4448202,-97.5271652,214-945-8680,,https://www.cornerpoststoragetx.com/,,,self-storage,B,55,
Aallstor,Independent,Aallstor,Johnson,North Third Street,Grandview,TX,,32.270892,-97.1797964,817-866-3339,,,,,self-storage,C,40,
CubeSmart,Chain,CubeSmart,Collin,Woodbridge Parkway,Sachse,TX,75048,32.99301,-96.5710402,+1-844-427-1409;+1-469-367-0868,,https://www.cubesmart.com/texas-self-storage/sachse-self-storage/4666.html,,,self-storage,C,5,Chain-managed
Avanti Self Storage,Independent,Avanti Self Storage,,,,TX,,35.7546882,-95.4178341,,,,,,self-storage,C,15,No website found
Storage Star Mopac,Independent,Storage Star Mopac,Travis,North Mopac Expressway,Austin,TX,78727,30.4273125,-97.7032993,254-831-9190,,https://www.storagestar.com/self-storage/tx/austin/n-mopac-expy//,,,self-storage,B,55,
Public Storage,Chain,Public Storage,,North Perkins Road,Stillwater,OK,74075,36.156484,-97.0527769,,,,,,self-storage,C,0,No website found; Chain-managed
Public Storage,Chain,Public Storage,Travis,South Congress Avenue,Austin,TX,78745,30.188603,-97.7818246,512-634-8955,,https://www.publicstorage.com/self-storage-tx-austin/636.html,,,self-storage,C,5,Chain-managed
Storage OK,Independent,Storage OK,,,,TX,,36.071272,-95.9587858,918-749-0884,,,,,self-storage,C,40,
Rover RV Storage and Transport,Independent,Rover RV Storage and Transport,Johnson,,,TX,,32.3113972,-97.5185212,,,https://www.roverrvstorage.com/,,,self-storage,C,40,
Mansfield Road Storage Center,Independent,Mansfield Road Storage Center,,Mansfield Road,Shreveport,LA,71118-3126,32.3982693,-93.8060841,318-683-3939,,,,,self-storage,C,40,
Arledge's Storage,Independent,Arledge's Storage,Milam,,,TX,,30.6620344,-96.9897803,,,,,,self-storage,C,15,No website found
Whatever Self Storage,Independent,Whatever Self Storage,Guadalupe,,,TX,,29.5746324,-98.2052823,,,,,,self-storage,C,15,No website found
KO Storage,Independent,KO Storage,,North Birch Avenue,,TX,74012,36.0634327,-95.7943375,918-890-1311,,https://www.kostorage.com/,,,self-storage,B,55,
A-1 Storage,Independent,A-1 Storage,,,,TX,,34.9138885,-97.322706,,,,,,self-storage,C,15,No website found
Big Red Barn Self-Storage II,Independent,Big Red Barn Self-Storage II,Bell,,,TX,,31.110561,-97.7860119,,,,,,self-storage,C,15,No website found
Wimberley RV Park & Mini Storage,Chain,Wimberley RV Park & Mini Storage,Hays,,,TX,,29.9976367,-98.0893198,,,,,,self-storage,C,0,No website found; Chain-managed
Storage Sense,Independent,Storage Sense,,Airline Drive,Bossier City,LA,71111,32.5723476,-93.7120235,318-747-3031,,,,,self-storage,C,40,
Sleepy Hollow Mini Storage,Chain,Sleepy Hollow Mini Storage,Hays,,,TX,,29.993299,-98.0801073,,,,,,self-storage,C,0,No website found; Chain-managed
Centex Storage Dripping Springs,Independent,Centex Storage Dripping Springs,Hays,,,TX,,30.1781628,-98.084026,,,,,,self-storage,C,15,No website found
Public Storage,Chain,Public Storage,,North 9th Street,Broken Arrow,TX,74012,36.0686872,-95.7826845,918-872-0178,,,,,self-storage,C,0,Chain-managed
Idalou Storage,Independent,Idalou Storage,Lubbock,,Idalou,TX,79329,33.6671809,-101.6820783,,,,,yes,self-storage,C,15,No website found
RightSpace Storage,Independent,RightSpace Storage,Hays,Park 35 Cove North,Buda,TX,78610,30.0699966,-97.8317855,512-729-8721,,https://www.nsastorage.com,,,self-storage,B,55,
380 Storage,Independent,380 Storage,Denton,East University Drive,Denton,TX,76208,33.2338022,-97.0761357,,,,,,self-storage,C,15,No website found
TNH Boat & RV Storage,Independent,TNH Boat & RV Storage,San Patricio,,,TX,,27.8721399,-97.1888474,,,,,,self-storage,C,15,No website found
Boat storage for sail training,Independent,Austin Yacht Club,Travis,,,TX,,30.421671,-97.9204599,,,,,,self-storage,C,15,No website found
Temporary boat storage,Independent,Temporary boat storage,Travis,,,TX,,30.4227931,-97.9168652,,,,,,self-storage,C,15,No website found
A-AAAKey Mini Storage,Chain,A-AAAKey Mini Storage,Bexar,,,TX,,29.5187017,-98.4657406,,,,,,self-storage,C,0,No website found; Chain-managed
Public Storage,Chain,Public Storage,Bexar,Vance Jackson Road,San Antonio,TX,78230,29.5199112,-98.5343865,,,,,,self-storage,C,0,No website found; Chain-managed
Extra Space Storage,Chain,Extra Space Storage,Bexar,Jackson Keller Road,San Antonio,TX,78230,29.5186424,-98.5307596,,,,,,self-storage,C,0,No website found; Chain-managed
Homestead Mini Storage,Chain,Homestead Mini Storage,,South 257th Avenue East,Broken Arrow,TX,74014,36.0618858,-95.6912501,918-357-1155,,,,,self-storage,C,0,Chain-managed
Brauntex Storage,Independent,Brauntex Storage,Comal,North Walnut Avenue,New Braunfels,TX,,29.7014596,-98.1386122,830-629-2700,,,,,self-storage,C,40,
Georgetown RV and Boat Storage,Independent,Georgetown RV and Boat Storage,Williamson,Meda Street,Georgetown,TX,78626,30.6634824,-97.6595071,,,,,,self-storage,C,15,No website found
Safeguard Mini Storage,Chain,Safeguard Mini Storage,Nueces,,,TX,,27.686558,-97.3228725,,,,,,self-storage,C,0,No website found; Chain-managed
Forward Storage,Independent,Forward Storage,Bexar,,,TX,,29.3063704,-98.3851455,,,,,,self-storage,C,15,No website found
Georgetown Mini Storage,Chain,Georgetown Mini Storage,Williamson,North Austin Avenue,Georgetown,TX,78626,30.6629943,-97.668026,,,,,,self-storage,C,0,No website found; Chain-managed
Georgetown Storage and Parking,Independent,Georgetown Storage and Parking,Williamson,Old Airport Road,Georgetown,TX,78626,30.6639717,-97.6685811,,,,,,self-storage,C,15,No website found
Sartin Boat and RV Storage,Independent,Sartin Boat and RV Storage,,East 71st Street South,Broken Arrow,TX,74014,36.0602113,-95.639806,918-744-5655,,,,,self-storage,C,40,
Michie's Self Storage,Independent,Michie's Self Storage,Kleberg,,,TX,,27.8356815,-97.0691477,,,,,,self-storage,C,15,No website found
White Buffalo Storage,Independent,White Buffalo Storage,Scurry,,,TX,,32.6889314,-100.9206666,,,,,,self-storage,C,15,No website found
Self Storage,Independent,Self Storage,Hill,,,TX,,32.1597892,-97.150904,866-882-8842,,,,,self-storage,C,40,
UTEX Self Storage,Independent,UTEX Self Storage,Denton,Virginia Circle,Denton,TX,76209,33.2326432,-97.093757,940-535-5339,,https://www.utexselfstorage.com/locations/denton-tx-76209,,,self-storage,B,55,
Mini U Storage,Independent,Mini U Storage,Tarrant,East FM 1187,Crowley,TX,76036,32.5688333,-97.3462998,817-297-1428,,https://www.miniustorage.com/locations/crowley/,,,self-storage,B,55,
Morris West Mini Storage,Chain,Morris West Mini Storage,,,,TX,,35.6078087,-95.8715711,918-348-1034,,,,,self-storage,C,0,Chain-managed
Southlake Storage,Independent,Premium Spaces,Tarrant,East Continental Boulevard,Southlake,Texas,76092,32.9268715,-97.1187221,817-912-1516,,https://www.premiumspaces.com/storage-locations/tx/southlake/2060-e-continental-blvd/,,,self-storage,B,55,
A & B Mini Storage,Chain,A & B Mini Storage,,Dixie Blanchard Road,Shreveport,LA,71107-8849,32.613042,-93.8976481,,,,,,self-storage,C,0,No website found; Chain-managed
MyPlace Self Storage,Independent,MyPlace Self Storage,Fort Bend,Voss Road,Sugar Land,TX,77498,29.6437828,-95.6498697,,,,,,self-storage,C,15,No website found
Public Storage,Chain,Public Storage,Williamson,Round Rock Avenue,Round Rock,TX,78681,30.5111725,-97.6990038,512-524-9555,,https://www.publicstorage.com,,,self-storage,C,5,Chain-managed
Ko Storage,Independent,Ko Storage,Parker,West Park Avenue,Weatherford,TX,,32.7417486,-97.7987227,817-803-2293,,https://www.kostorage.com/storage-locations/texas/weatherford/ko-storage-of-weatherford-west-park/,,,self-storage,B,55,
Harvey Self Storage,Independent,Harvey Self Storage,,,,TX,,35.5242428,-97.5187721,,,,,,self-storage,C,15,No website found
Hempstead Mini Warehouses,Independent,Hempstead Mini Warehouses,Waller,,,TX,,30.0997321,-96.0791663,,,,,,self-storage,C,15,No website found
D&W Mini Storage,Chain,D&W Mini Storage,Harris,,,TX,,29.9346136,-95.2903691,346-396-1122,,,,,self-storage,C,0,Chain-managed
Self Storage,Independent,Self Storage,Williamson,Williams Drive,Georgetown,TX,78633,30.708175,-97.756959,,,,,,self-storage,C,15,No website found
America's Storage Center,Independent,America's Storage Center,Midland,North Midland Drive,Midland,TX,79707,32.0221765,-102.1488994,432-520-6400,,https://www.americastoragecenters.com/,,,self-storage,B,55,
StorQuest,Independent,StorQuest Self Storage,Harris,Gosling Road,Spring,TX,77389,30.0988914,-95.5071092,281-350-1398,,https://www.storquest.com/self-storage/tx/spring/1058,,,self-storage,B,55,
Trackside Mini Storage,Chain,Trackside Mini Storage,,West McKinley Avenue,Haughton,LA,71037,32.5322997,-93.5137201,318-949-4319,,,,,self-storage,C,0,Chain-managed
Oak Hill Mini's Self Storage,Independent,Oak Hill Mini's Self Storage,Travis,,,TX,,30.2347855,-97.8328484,,,,,,self-storage,C,15,No website found
Self Storage,Independent,Self Storage,,South Elwood Avenue West,Glenpool,OK,74033,35.9458443,-95.9943423,,,,,,self-storage,C,15,No website found
Trinity Self Storage LLC,Independent,Trinity Self Storage LLC,Tarrant,,,TX,,32.9393095,-97.2881211,,,,,,self-storage,C,15,No website found
Mineola Self Storage,Independent,Mineola Self Storage,Wood,,,TX,,32.6416956,-95.4882603,,,,,,self-storage,C,15,No website found
U-Storage,Independent,U-Storage,Walker,,,TX,,30.7958121,-95.4614518,936-291-6823,,,,,self-storage,C,40,
A-Affordable RV & Boat Storage,Independent,A-Affordable RV & Boat Storage,Tarrant,Rendon Bloodworth Road,Mansfield,TX,76063,32.5798177,-97.1845783,,,,,,self-storage,C,15,No website found
iStorage,Chain,iStorage,Bexar,Hot Wells Boulevard,San Antonio,TX,78223,29.3676774,-98.4493411,210-864-1995,,https://www.istorage.com,,,self-storage,C,5,Chain-managed
K & L Warehouse & Storage,Independent,K & L Warehouse & Storage,Bexar,,,TX,,29.5656752,-98.3619908,,,,,,self-storage,C,15,No website found
Extra Space Storage,Chain,Extra Space Storage,Dallas,North Belt Line Road,Mesquite,TX,75149,32.7823542,-96.5948321,,,,,,self-storage,C,0,No website found; Chain-managed
Extra Space Storage,Chain,Extra Space Storage,Williamson,Double Creek Drive,Round Rock,TX,78664,30.4933991,-97.6467159,,,https://www.extraspace.com/storage/facilities/us/texas/austin/?distancesort=1,,,self-storage,C,0,Chain-managed
North Shreveport Self Storage,Independent,North Shreveport Self Storage,,North Market Street,Shreveport,LA,71107,32.582626,-93.8054062,318-221-1344,,,,,self-storage,C,40,
Mason Storage,Independent,Mason Storage,,Southwest 16th Street,73065,OK,73065,35.2322095,-97.6520927,405-392-3364,,,,,self-storage,C,40,
Public Storage,Chain,Public Storage,Harris,Hillcroft Avenue,Houston,TX,77096,29.6762637,-95.4942091,,,,,,self-storage,C,0,No website found; Chain-managed
CenTex Storage,Independent,CenTex Storage,Bastrop,,,TX,,30.1120262,-97.3748146,,,,,,self-storage,C,15,No website found
AAA Bastrop Storage,Independent,AAA Bastrop Storage,Bastrop,,,TX,,30.1124218,-97.3706684,,,,,,self-storage,C,15,No website found
Shield Storage Centers,Independent,Shield Storage Centers,,Bellevue Road,Haughton,LA,71037,32.5605093,-93.6095801,318-949-2638,,,,,self-storage,C,40,
Shalimar Mini Storage,Chain,Shalimar Mini Storage,Hays,,,TX,,30.0195185,-98.1018525,,,https://www.shalimarministorage.com/,,,self-storage,C,0,Chain-managed
Self Storage,Independent,Self Storage,,East 41st Street South,Tulsa,OK,74146,36.1064241,-95.8558822,,,,,,self-storage,C,15,No website found
AAA Sentry Storage,Independent,AAA Sentry Storage,Bexar,,,TX,,29.5658111,-98.3651868,,,,,,self-storage,C,15,No website found
Cliffside Storage Facility / National Helium Reserve,Independent,Cliffside Storage Facility / National Helium Reserve,Potter,Brickplant Road,Amarillo,TX,79124,35.3538375,-101.9926276,,,,,,self-storage,C,15,No website found
A+ Boat and RV Storage,Independent,A+ Boat and RV Storage,Erath,East Washington Street,Stephenville,TX,76401,32.2335872,-98.1805773,,,https://www.nealguthriecompanies.com,,,self-storage,C,40,
White Hawk,Independent,White Hawk,,,,TX,,35.9429971,-95.932929,,,,,,self-storage,C,15,No website found
Discount Storage: 144th & Indiana ave.,Independent,Discount Storage,Lubbock,Indiana Avenue,Lubbock,TX,79423,33.4627188,-101.8887831,806-414-1353,,,,yes,self-storage,C,40,
"Discount Storage: RV, Boat Storage, & Shop Rentals",Independent,Discount Storage,Lubbock,County Road 2100,Lubbock,TX,79423,33.4488828,-101.8902482,806-414-1817,,,,,self-storage,C,40,
Right Move Storage,Independent,Right Move Storage,Harris,Westminster Plaza Drive,Houston,TX,77077,29.7341937,-95.5933318,,,,,,self-storage,C,15,No website found
Self Storage,Independent,Self Storage,,South Lincoln Street,Siloam Springs,AR,72761,36.1842808,-94.5271599,,,,,,self-storage,C,15,No website found
Self Storage,Independent,Self Storage,,East Tahlequah Street,Siloam Springs,AR,72761,36.187114,-94.5265332,,,,,,self-storage,C,15,No website found
Self Storage,Independent,Self Storage,Williamson,Jim Hogg Drive,Georgetown,TX,78633,30.7054203,-97.7473633,,,,,,self-storage,C,15,No website found
Admiral Storage,Independent,Admiral Storage,Williamson,Jim Hogg Drive,Georgetown,TX,78633,30.7056309,-97.7472913,,,,,,self-storage,C,15,No website found
Self Storage,Independent,Self Storage,,Elm Springs Road,Springdale,AR,72762,36.195053,-94.1762061,,,,,,self-storage,C,15,No website found
StorageMart,Chain,StorageMart,Bexar,Braun Road,San Antonio,TX,78254,29.5423026,-98.7086169,210-964-8316,,,,,self-storage,C,0,Chain-managed
69 Mini Storage,Chain,69 Mini Storage,,,,TX,,35.9424037,-95.3960637,918-485-4842,,,,,self-storage,C,0,Chain-managed
Bellaire-Hillcroft Self Storage,Independent,Bellaire-Hillcroft Self Storage,Harris,,,TX,,29.7035608,-95.4904073,,,,,,self-storage,C,15,No website found
Store Local,Independent,Store Local,,South Memorial Drive East,Bixby,OK,74008,35.9844082,-95.8846411,,,,,,self-storage,C,15,No website found
Public Storage,Chain,Public Storage,Collin,Eldorado Parkway,Frisco,TX,75033,33.1744579,-96.8271547,,,,,,self-storage,C,0,No website found; Chain-managed
SecureSpace Self Storage,Independent,SecureSpace Self Storage,Collin,,,TX,,33.1584359,-96.7317108,,,,,,self-storage,C,15,No website found
G Street Mini Storage,Chain,G Street Mini Storage,Wilson,G Street,Floresville,TX,78114,29.1367551,-98.1461032,830-393-6346,,https://gstreetministorage.com/,,,self-storage,C,5,Chain-managed
US Storage Centers,Independent,US Storage Centers,Wilson,10th Street,Floresville,TX,78114,29.1570163,-98.1686359,830-256-0050,,https://www.usstoragecenters.com/,,,self-storage,B,55,
Move It Storage,Independent,Move It Storage,Hidalgo,South Alamo Road,Alamo,TX,78516,26.1789299,-98.1248824,,,https://www.nsastorage.com/storage/texas/storage-units-alamo/501-S-Alamo-Rd-150,,,self-storage,C,40,
Pollok Self Storage,Independent,Pollok Self Storage,Wilson,US Highway 181 North,Floresville,TX,78114,29.1665923,-98.1810272,830-542-0737,,https://pollokselfstorage.com/,,,self-storage,B,55,
CubeSmart,Chain,CubeSmart,,Pat D'Arco Highway,Rio Rancho,TX,,35.2625098,-106.6348692,,,,,,self-storage,C,0,No website found; Chain-managed
Eastside Self Storage,Independent,Eastside Self Storage,Grayson,East Mulberry Street,Sherman,TX,75090,33.6403989,-96.6071977,903-892-5720,,https://www.uptown-selfstorage.com/,,,self-storage,B,55,
Verden Mini Storage,Chain,Verden Mini Storage,,,,TX,,35.0843314,-98.0891393,405-453-7303,,,,,self-storage,C,0,Chain-managed
Arborstone Storage Verden,Independent,Arborstone Storage Verden,,4th Street,Verden,OK,73092,35.082863,-98.0890674,405-320-9780,,http://www.arborstonestorageverden.com/,,,self-storage,B,55,
Lakehurst Storage,Independent,Lakehurst Storage,,North May Avenue,Oklahoma City,OK,73120,35.5641587,-97.568635,405-755-2606,,,,,self-storage,C,40,
Bella Vista Mini Storage,Chain,Bella Vista Mini Storage,,Howland Road,Bentonville,AR,72712,36.4222001,-94.2525281,479-273-2878,,,,,self-storage,C,0,Chain-managed
Shell Road Storage,Independent,Shell Road Storage,Williamson,Shell Road,Georgetown,TX,78628,30.7174894,-97.6749949,,,,,,self-storage,C,15,No website found
A Self Storage Place,Independent,A Self Storage Place,Williamson,US 79,Thrall,TX,76578,30.589929,-97.3036679,,,,,,self-storage,C,15,No website found
Arborstone Self Storage,Independent,Arborstone Self Storage,,South Memorial Drive East,Bixby,OK,74008,35.9397648,-95.887031,,,,,,self-storage,C,15,No website found
Alpha Omega Self Storage,Independent,Alpha Omega Self Storage,Bell,Old Waco Road,Temple,TX,76502,31.1123721,-97.4192341,,,,,,self-storage,C,15,No website found
Public Storage,Chain,Public Storage,Collin,Sam Rayburn Highway,Melissa,TX,75454,33.2943604,-96.5420845,972-525-8126,,,,,self-storage,C,0,Chain-managed
Self Storage,Independent,Self Storage,Williamson,County Road 234,Georgetown,TX,78633,30.7386471,-97.6639622,,,,,,self-storage,C,15,No website found
EastSide Storage,Independent,EastSide Storage,Travis,East 5th Street,Austin,TX,78702,30.2555389,-97.7061323,,,,,,self-storage,C,15,No website found
Safe Space Storage,Independent,Safe Space Storage,McLennan,North Valley Mills Drive,Waco,TX,76710,31.5285401,-97.1823149,254-791-5882,,https://www.usstoragecenters.com/storage-units/tx/waco/920-n-valley-mills-dr?utm_source=google.local&utm_medium=organic&utm_campaign=local,,,self-storage,B,55,
SpareBox Storage,Independent,SpareBox Storage,McLennan,Texas Central Parkway,Waco,TX,76712,31.5013778,-97.2018275,254-324-8101,,https://www.spareboxstorage.com/storage-units/tx/waco/400-texas-central-parkway?utm_medium=yext&utm_source=gmb,,,self-storage,B,55,
U-Haul,Chain,U-Haul,McLennan,Texas Central Parkway,Waco,TX,76712,31.5028005,-97.202778,254-751-7019,,https://www.uhaul.com/Locations/Truck-Rentals-near-Waco-TX-76712/835084/?utm_source=gmb&utm_medium=primary&utm_campaign=uhaulsmlm&utm_content=835084,,,self-storage,C,5,Chain-managed
CubeSmart,Chain,CubeSmart,Collin,Coit Road,Dallas,TX,75252,32.9893578,-96.7690112,972-248-9900,,https://www.cubesmart.com/texas-self-storage/dallas-self-storage/3075.html,,,self-storage,C,5,Chain-managed
Hilbeg Gas Storage Facility,Independent,Hilbeg Gas Storage Facility,Bastrop,,,TX,,30.0080982,-97.4117743,,,,,,self-storage,C,15,No website found
Northwood Self Storage,Independent,Northwood Self Storage,,Highway 1,Shreveport,LA,71107,32.6336239,-93.891242,,,,,,self-storage,C,15,No website found
Affordable Boat and RV Storage,Independent,Affordable Boat and RV Storage,Williamson,FM 970,Florence,TX,76527,30.7932054,-97.8450842,,,,,,self-storage,C,15,No website found
E-Z Storage TX,Independent,E-Z Storage TX,Leon,US 79,Jewett,TX,75846,31.3773242,-96.1327011,903-300-0339,,https://www.ezstoragetx.com/,,,self-storage,B,55,
Any Season RV & Boat Storage,Independent,Any Season RV & Boat Storage,Williamson,Ronald Reagan Boulevard,Georgetown,TX,78633,30.7653256,-97.6592669,,,,,,self-storage,C,15,No website found
Go Store It Self Storage,Independent,Go Store It Self Storage,Dallas,Hickory Tree Road,Balch Springs,TX,75180,32.7133578,-96.620934,,,,,,self-storage,C,15,No website found
CubeSmart,Chain,CubeSmart,Dallas,Hickory Tree Road,Balch Springs,TX,75180,32.7106245,-96.6216911,,,,,,self-storage,C,0,No website found; Chain-managed
"RV, ETC Storage",Independent,"RV, ETC Storage",Harris,,,TX,,30.0172035,-95.8129082,281-256-1610,,,,,self-storage,C,40,
CubeSmart,Chain,CubeSmart,Polk,Old Trinity Road,Onalaska,TX,77360,30.8165707,-95.1218497,,,,,,self-storage,C,0,No website found; Chain-managed
Public Storage,Chain,Public Storage,Dallas,Sorrento Drive,Mesquite,TX,75150,32.8085047,-96.6554569,,,,,,self-storage,C,0,No website found; Chain-managed
Stor UR Stuff Storage,Independent,Stor UR Stuff Storage,Williamson,County Road 140,Georgetown,TX,78626,30.7049006,-97.617687,,,,,,self-storage,C,15,No website found
J & M Mini Storage,Chain,J & M Mini Storage,Lampasas,Nix Road,Lampasas,TX,76550,31.0689455,-98.2032936,,,,,,self-storage,C,0,No website found; Chain-managed
U-Haul,Chain,U-Haul,,South Sheridan Road East,Tulsa,OK,74145,36.1123651,-95.9065469,918-439-3139,,https://www.uhaul.com/Locations/Truck-Rentals-near-Tulsa-OK-74145/761079/,,,self-storage,C,5,Chain-managed
Lil' Red Truck Self-Storage,Independent,Lil' Red Truck Self-Storage,Randall,I-27 Frontage Road,Canyon,TX,79015,34.9739452,-101.8775431,,,,,,self-storage,C,15,No website found
Holly Self Storage,Independent,Holly Self Storage,Wood,,,TX,,32.7009325,-95.2111689,903-613-1000,,,,,self-storage,C,40,
All American Self Storage,Independent,All American Self Storage,Hunt,West Neal Street,Commerce,TX,75428,33.2481797,-95.9092955,,,,,,self-storage,C,15,No website found
Downtown Mini Storage,Chain,Downtown Mini Storage,,,,TX,,35.9591728,-95.3757483,405-323-3595,,,,,self-storage,C,0,Chain-managed
The Guard House Self Storage,Independent,The Guard House Self Storage,Hunt,Culver Street,Commerce,TX,75428,33.2366166,-95.892996,,,,,,self-storage,C,15,No website found
"Alpha RV, Boat, and Self-Storage",Independent,"Alpha RV, Boat, and Self-Storage",Henderson,State Highway 19 South,Athens,TX,75751,32.1629728,-95.8403301,,,,,,self-storage,C,15,No website found
Extra Space Storage,Chain,Extra Space Storage,Dallas,Gus Thomasson Road,Mesquite,TX,75150,32.8009895,-96.6323034,,,,,,self-storage,C,0,No website found; Chain-managed
Leonard Self Storage,Independent,Leonard Self Storage,Fannin,East Locust Street,Leonard,TX,75452,33.3764501,-96.2384392,,,,,,self-storage,C,15,No website found
RV and Boat Storage XL,Independent,RV and Boat Storage XL,Wichita,Central Freeway,Wichita Falls,TX,76305,34.003781,-98.5466335,,,,,,self-storage,C,15,No website found
Extra Space Storage,Chain,Extra Space Storage,,East Reno Avenue,Oklahoma City,OK,73104,35.4652446,-97.4975747,,,https://www.extraspace.com/storage/facilities/us/oklahoma/oklahoma_city/1000001097/,,,self-storage,C,0,Chain-managed
Public Storage,Chain,Public Storage,Harris,Katy Freeway,Houston,TX,,29.7855204,-95.5972759,866-677-5147,,publicstorage.com,,,self-storage,C,5,Chain-managed
"Weir RV, Boat, & Mini Storage",Chain,"Weir RV, Boat, & Mini Storage",Williamson,FM 1105,Weir,TX,78674,30.6805775,-97.5879539,,,,,,self-storage,C,0,No website found; Chain-managed
Essential Storage Vidor,Independent,Essential Storage Vidor,Orange,Pleasant Drive,Vidor,TX,77662,30.1891443,-94.0214038,,,,,,self-storage,C,15,No website found
Safeguard Mini-Storage,Independent,Safeguard Mini-Storage,Nueces,Boston Drive,Corpus Christi,TX,78413,27.6650809,-97.399343,361-994-1281,,https://www.safeguardministorage.com/,,,self-storage,B,55,
Storage Star Forest Lane,Independent,Storage Star Forest Lane,Dallas,Forest Lane,Dallas,TX,75234,32.9085403,-96.8844708,,,,,,self-storage,C,15,No website found
All In Mini Storage,Chain,All In Mini Storage,Lubbock,West Hale Street,Slaton,TX,,33.4414482,-101.6560296,,,,,,self-storage,C,0,No website found; Chain-managed
Stor-It,Independent,Stor-It,Hockley,East State Highway 114,Levelland,TX,79336,33.594009,-102.3312221,,,,,,self-storage,C,15,No website found
Public Storage,Chain,Public Storage,,West Interstate 240 Service Road,Oklahoma City,OK,73159,35.3952176,-97.5636094,,,,,,self-storage,C,0,No website found; Chain-managed
Broadway Storage,Independent,Broadway Storage,,,,TX,,34.0338203,-94.7386709,,,,,,self-storage,C,15,No website found
Just Store-It Self Storage,Independent,Just Store-It Self Storage,,,,TX,,32.8887616,-105.940172,,,,,,self-storage,C,15,No website found
Amazing Spaces,Independent,Amazing Spaces,Montgomery,FM 2978,Magnolia,TX,77354,30.2138216,-95.5672875,,,,,,self-storage,C,15,No website found
Haskell Self Storage,Independent,Haskell Self Storage,,,,TX,,35.8173288,-95.6745986,918-260-2414,,,,,self-storage,C,40,
Mordecai's Mini-Storage,Independent,Mordecai's Mini-Storage,,,,TX,,34.8478516,-95.564372,,,,,,self-storage,C,15,No website found
Hochatown Storage,Independent,Hochatown Storage,,,,TX,,34.1610808,-94.7549461,580-212-0414,,,,,self-storage,C,40,
RightSpace Storage,Independent,RightSpace Storage,Williamson,West Hero Way,Leander,TX,78641,30.5808062,-97.8644331,512-528-6025,,https://rightspacestorage.com,,,self-storage,B,55,
ABC Storage,Independent,ABC Storage,Moore,,,TX,,35.8806273,-101.9741939,806-922-5802,,,,,self-storage,C,40,
Klein Krimmel Self Storage,Independent,Klein Krimmel Self Storage,Harris,FM 2920,Spring,TX,77379,30.0751979,-95.5276096,832-717-3400,,https://www.premiumspaces.com/locations/spring-tx-77379,,,self-storage,B,55,
"Storage Storage, LLC",Independent,"Storage Storage, LLC",Brazos,Horse Haven Lane,College Station,TX,77845,30.6241015,-96.2940794,979-696-7368,,https://www.storagestoragellc.com/,,,self-storage,B,55,
Triple J Mini Storage,Chain,Triple J Mini Storage,Moore,North Birge Avenue,Dumas,TX,79029,35.8752123,-101.9754473,806-935-3624,,,,,self-storage,C,0,Chain-managed
Crest Self Storage,Independent,Crest Self Storage,Denton,West Round Grove Road,,TX,,33.0046803,-97.0152814,,,,,,self-storage,C,15,No website found
American Mini Storage,Chain,American Mini Storage,,,,TX,,34.9126426,-97.3266791,,,,,,self-storage,C,0,No website found; Chain-managed
A-1 Boat & RV Storage,Independent,A-1 Boat & RV Storage,,,,TX,,34.9141712,-97.3179872,,,,,,self-storage,C,15,No website found
SpareBox Storage,Independent,SpareBox Storage,Randall,Golden Pond Place,Amarillo,TX,79119,35.1635497,-101.9240409,806-416-7445,,https://www.spareboxstorage.com/storage-units/tx/amarillo/7550-golden-pond-place,,,self-storage,B,55,
Move It Storage,Independent,Move It Storage,Hidalgo,North 10th Street,McAllen,TX,78504,26.2617675,-98.2190791,,,,,,self-storage,C,15,No website found
254 Storage,Independent,254 Storage,Coryell,South FM 116,Copperas Cove,TX,,31.1069228,-97.9079995,254-786-7243,,,,,self-storage,C,40,
Self Storage,Independent,Self Storage,,West 181st Street South,Mounds,OK,74047,35.9021202,-96.0190313,,,,,,self-storage,C,15,No website found
Storage Plus of Carlsbad,Independent,Storage Plus of Carlsbad,,National Parks Highway,Carlsbad,NM,88220,32.3621171,-104.2390808,575-237-5667,,https://mystorageplus.com/location/storage-plus-of-carlsbad/,,,self-storage,B,55,
Admiral Mini Storage,Chain,Admiral Mini Storage,,East Admiral Place South,Tulsa,OK,74115,36.1603889,-95.8757945,,,,,,self-storage,C,0,No website found; Chain-managed
A American Storage,Independent,A American Storage,Moore,South Birge Avenue,Dumas,TX,79029,35.8650357,-101.9755833,806-934-8388,,,,,self-storage,C,40,
Self Storage,Independent,Self Storage,,East 81st Street South,Tulsa,OK,74133,36.046969,-95.8834887,,,,,,self-storage,C,15,No website found
TMS Self Storage,Independent,TMS Self Storage,Denton,State Highway 114,Fort Worth,TX,76247,33.0299599,-97.3144961,940-648-5000,,https://tmsselfstorage.com/,,,self-storage,B,55,
CubeSmart - Roanoke,Chain,CubeSmart,Denton,North US Highway 377,Roanoke,TX,76262,33.0141649,-97.2215874,817-430-2737,,https://www.cubesmart.com/texas-self-storage/roanoke-self-storage/211.html,,,self-storage,C,5,Chain-managed
Essential Storage,Independent,Essential Storage,Wharton,TX-60,East Bernard,TX,77435,29.520237,-96.0682597,979-464-9806,,https://www.myessentialstorage.com,,,self-storage,B,55,
Essential Storage,Independent,Essential Storage,Wharton,Old Wharton Road,East Bernard,TX,77435,29.5300763,-96.0721942,979-464-9806,,https://www.myessentialstorage.com,,,self-storage,B,55,
Essential Storage Vidor,Independent,Essential Storage Vidor,Orange,,,TX,,30.1893962,-94.0219401,,,,,,self-storage,C,15,No website found
Parkdale Storage Pond Dam,Independent,Parkdale Storage Pond Dam,Dallas,,,TX,,32.7678926,-96.7315197,,,,,,self-storage,C,15,No website found
Colorado River Off Channel Storage Dam,Independent,Colorado River Off Channel Storage Dam,Mitchell,,,TX,,32.4251174,-100.9003921,,,,,,self-storage,C,15,No website found
Eklund Storage Works Dam,Independent,Eklund Storage Works Dam,,,,TX,,36.4750257,-103.1738254,,,,,,self-storage,C,15,No website found
All Storage,Independent,All Storage,,,,TX,,35.472071,-97.7252111,,,,,,self-storage,C,15,No website found
Storage,Independent,Storage,,North May Avenue,,TX,73013,35.6251536,-97.5666335,,,,,,self-storage,C,15,No website found
STORAGE,Independent,STORAGE,,NW 164TH STREET,,TX,73013,35.6376056,-97.5398673,,,,,,self-storage,C,15,No website found
Store More Storage,Independent,Store More Storage,Travis,,,TX,,30.2565355,-97.9046064,,,,,,self-storage,C,15,No website found
Bunker 37045 (Manzano Storage Bunker Type D),Independent,Bunker 37045 (Manzano Storage Bunker Type D),,,,TX,,34.9944372,-106.499691,,,,,,self-storage,C,15,No website found
Bunker 37118 (Manzano Storage Bunker Type C),Independent,Bunker 37118 (Manzano Storage Bunker Type C),,,,TX,,34.9988433,-106.4896872,,,,,,self-storage,C,15,No website found
Bunker 37034 (Manzano Storage Bunker Type B),Independent,Bunker 37034 (Manzano Storage Bunker Type B),,,,TX,,34.9999859,-106.4860485,,,,,,self-storage,C,15,No website found
Bunker 37057 (Manzano Storage Bunker Type D),Independent,Bunker 37057 (Manzano Storage Bunker Type D),,,,TX,,35.0034608,-106.502508,,,,,,self-storage,C,15,No website found
Bunker 37055 (Manzano Storage Bunker Type D),Independent,Bunker 37055 (Manzano Storage Bunker Type D),,,,TX,,35.0014466,-106.505419,,,,,,self-storage,C,15,No website found
Crescent Storage LLC,Independent,Crescent Storage LLC,Midland,Briarwood Ave,Midland,TX,79707,32.0218661,-102.1798153,432-694-3302,,http://crescentstoragellc.com,,,self-storage,B,55,
Apache Moving & Storage,Independent,Apache Moving & Storage,Williamson,North Bagdad Road,Leander,TX,78641,30.5740686,-97.8705303,512-452-4799,,https://apachemoving.net/,,,self-storage,B,55,
Best Auto Storage,Independent,Best Auto Storage,Harris,Industrial Way,Houston,TX,,29.7518882,-95.3116037,713-221-1747,,,,,self-storage,C,40,
Discount Storage,Independent,Discount Storage,Guadalupe,South State Highway 46,New Braunfels,TX,78130,29.6821278,-98.0604727,830-626-1545,,https://www.discountstoragenb.com/,,,self-storage,B,55,
Silver Spur Storage,Independent,Silver Spur Storage,Denton,E 7th St,Justin,TX,76247,33.0906598,-97.2920727,940-648-9471,,https://silverspurstorage.com/,,,self-storage,B,55,
66 Storage And Pawn,Independent,66 Storage And Pawn,,,,TX,,35.6957677,-96.9108279,,,,,,self-storage,C,15,No website found
Americas Storage,Independent,Americas Storage,Galveston,FM 646 East,Dickinson,TX,77539,29.4925227,-95.0139083,,,,,,self-storage,C,15,No website found
D&D Storage,Independent,D&D Storage,Williamson,,,TX,,30.7189642,-97.7723547,,,,,,self-storage,C,15,No website found
Copper Palm Moving and Storage,Independent,Copper Palm Moving and Storage,Travis,Metric Boulevard,Austin,TX,78758,30.3826616,-97.7133434,512-266-6900,,https://copperpalmmoving.com/,,,self-storage,B,55,
Lock Box Storage,Independent,Lock Box Storage,Dallas,,,TX,,32.9757329,-96.9225462,,,,,,self-storage,C,15,No website found
Extra Space Storage office,Chain,Extra Space Storage office,Williamson,North Ranch Road 620,Austin,TX,78717,30.4699488,-97.7952122,512-202-7955,,https://www.extraspace.com/storage/facilities/us/texas/austin/1000000883/,,,self-storage,C,5,Chain-managed
Library Storage Annex,Independent,University of Arkansas,,,,TX,,36.059178,-94.1832887,,,,,,self-storage,C,15,No website found
Elite Storage,Independent,Elite Storage,Mitchell,,,TX,,32.4066866,-100.8602047,,,,,,self-storage,C,15,No website found
Aransas Pass Total Storage,Independent,Aransas Pass Total Storage,San Patricio,Marshall Ln,Aransas Pass,TX,78336,27.9212803,-97.1641828,361-226-4006,,,,,self-storage,C,40,
JTT Towing and Storage,Independent,JTT Towing and Storage,Liberty,Farm to Market 1960 Rd E,Dayton,TX,77535,30.045127,-95.0066265,281-224-0106,,https://jtttowingandstorage.com,,,self-storage,B,55,
17 Dispensa y Soterrano / Storage Building and Root Cellar,Independent,17 Dispensa y Soterrano / Storage Building and Root Cellar,,,,TX,,35.5730827,-106.1109526,,,,,,self-storage,C,15,No website found
Ron's RV Service and Storage,Independent,Ron Mcgaugh,,Wagon Wheel Road,Springdale,AR,72762,36.2271144,-94.1738497,479-365-7299,,https://ronsrvserviceandstorage.com,,,RV/boat,B,55,
Mirrored Storage,Independent,Mirrored Storage,Collin,"5700 Tennyson Pkwy, #300",Plano,TX,75024,33.0707896,-96.8200249,214-550-0550,,https://mirroredstorage.com,,,self-storage,B,55,
Champion Storage,Independent,Mark Britt,Hood,215 Corporate Dr,Granbury,TX,76049,32.4566643,-97.7361081,817-573-5133,,https://championstoragetexas.com,,,self-storage,B,55,
Westheimer Transfer & Storage Co. Inc.,Independent,Westheimer Transfer & Storage Co. Inc.,Harris,Buffalo Speedway,Houston,TX,77054,29.6745829,-95.4258752,,,,,,self-storage,C,15,No website found
41 Dispensa / Storage Building,Independent,41 Dispensa / Storage Building,,,,TX,,35.5699837,-106.111114,,,,,,self-storage,C,15,No website found
10 La Dispensa / Storage Room,Independent,10 La Dispensa / Storage Room,,,,TX,,35.5730655,-106.1113759,,,,,,self-storage,C,15,No website found
uPark RV Parking/Storage,Independent,uPark RV Parking/Storage,Williamson,Eastview Drive,Georgetown,TX,78626,30.6472846,-97.6260041,,,,,,self-storage,C,15,No website found
Public Storage,Chain,Public Storage,Denton,Village Pkwy,,TX,,33.0851778,-97.0777023,972-600-2522,,https://www.publicstorage.com/self-storage-tx-highland-village/2601.html,,,self-storage,C,5,Chain-managed
Slater Transfer & Storage,Independent,Slater Transfer & Storage,,,,TX,,35.1585297,-106.5974644,,,,,,self-storage,C,15,No website found
SE04.2505B-S Science Storage,Independent,SE04.2505B-S Science Storage,Tarrant,,,TX,,32.6390353,-97.0714311,,,,,,self-storage,C,15,No website found
Patterson Storage Road,Independent,Patterson Storage Road,,,,TX,,32.3622135,-104.8205915,,,,,,self-storage,C,15,No website found
Storage Road,Independent,Storage Road,,,,TX,,32.13086,-104.8228655,,,,,,self-storage,C,15,No website found
Storage Street,Independent,Storage Street,Bexar,,,TX,,29.4461465,-98.439647,,,,,,self-storage,C,15,No website found
White Glove Storage & Delivery,Independent,White Glove Storage & Delivery,Travis,,,TX,,30.2099022,-97.729539,,,,,,self-storage,C,15,No website found
FSL Research & Storage Building - FS2,Independent,FSL Research & Storage Building - FS2,Travis,Neils Thompson Drive,,TX,78758,30.3863173,-97.7318179,,,,,,self-storage,C,15,No website found
Records Storage #2 - P33,Independent,Records Storage #2 - P33,Travis,Read Granberry Trail,,TX,78758,30.3866035,-97.7288649,,,,,,self-storage,C,15,No website found
Records Storage #1 - P30,Independent,Records Storage #1 - P30,Travis,Read Granberry Trail,,TX,78758,30.3872023,-97.7307591,,,,,,self-storage,C,15,No website found
Maintenance and Vehicle Storage,Independent,Blinn College,Washington,,Brenham,TX,,30.1593213,-96.4106647,,,,,,self-storage,C,15,No website found
Storage Yard,Independent,Storage Yard,,,,TX,,35.47452,-97.5396118,,,,,,self-storage,C,15,No website found
Public Storage,Chain,Public Storage,Travis,West 15th Street,,TX,78703,30.2724221,-97.7592939,,,,,,self-storage,C,0,No website found; Chain-managed
Dagwell Dixie Storage,Independent,Dagwell Dixie Storage,,,,TX,,35.467454,-97.5263417,,,,,,self-storage,C,15,No website found
PRC Physical Plant Storage,Independent,PRC Physical Plant Storage,Travis,James Hart Trail,,TX,78758,30.3879606,-97.7245938,,,,,,self-storage,C,15,No website found
Fentriss Sound Storage,Independent,Fentriss Sound Storage,,,,TX,,35.4723227,-97.508609,,,,,,self-storage,C,15,No website found
Naifco Realty Central Storage,Independent,Naifco Realty Central Storage,,,,TX,,35.4614078,-97.5271446,,,,,,self-storage,C,15,No website found
Business Records Storage Raster Masters,Independent,Business Records Storage Raster Masters,,,,TX,,35.4815732,-97.5115317,,,,,,self-storage,C,15,No website found
Alpha Vending Storage,Independent,Alpha Vending Storage,,,,TX,,35.4639889,-97.5335429,,,,,,self-storage,C,15,No website found
Colorado River Storage Reservoir,Independent,Colorado River Storage Reservoir,Mitchell,,,TX,,32.4255916,-100.9046973,,,,,,self-storage,C,15,No website found
Storage Track,Independent,Storage Track,Guadalupe,,,TX,,29.5805916,-97.9675824,,,,,,self-storage,C,15,No website found
Arroyo del Oso Storage,Independent,Arroyo del Oso Storage,,,,TX,,35.1434693,-106.5823668,,,,,,self-storage,C,15,No website found
CFAD Storage Building,Independent,CFAD Storage Building,,,,TX,,35.6555282,-97.4721937,,,,,,self-storage,C,15,No website found
Pinion Valley Storage,Independent,Pinion Valley Storage,,Pinion Drive,Bella Vista,AR,72714,36.4715821,-94.2361827,,,,,,self-storage,C,15,No website found
Facilities Management Utilities Storage,Independent,Facilities Management Utilities Storage,,,,TX,,36.1302026,-97.0843843,,,,,,self-storage,C,15,No website found
Facilities Management Landscape Storage,Independent,Facilities Management Landscape Storage,,,,TX,,36.1287717,-97.0845041,,,,,,self-storage,C,15,No website found
A&D Storage,Independent,A&D Storage,,,,TX,,36.1176516,-97.1771214,,,,,,self-storage,C,15,No website found
U-Haul Moving & Storage of North Stillwater,Chain,U-Haul Moving & Storage of North Stillwater,,,Stillwater,OK,74075,36.1598819,-97.0703045,,,https://www.uhaul.com/Locations/Self-Storage-near-Stillwater-OK-74075/738038/,,,self-storage,C,0,Chain-managed
William W Warren Transfer and Storage,Independent,William W Warren Transfer and Storage,,,,TX,,35.5006165,-97.5125255,,,,,,self-storage,C,15,No website found
Storage for Oil Tanks and Well Heads,Independent,Storage for Oil Tanks and Well Heads,,,,TX,,35.5008806,-97.5063191,,,,,,self-storage,C,15,No website found
Waste Storage,Independent,Waste Storage,Denton,,,TX,,33.209275,-97.1595718,,,,,,self-storage,C,15,No website found
storage building,Independent,storage building,,,,TX,,35.9835661,-94.308051,,,,,,self-storage,C,15,No website found
Railway Work/Storage,Independent,Railway Work/Storage,Williamson,,,TX,,30.5087187,-97.6737869,,,,,,self-storage,C,15,No website found
United Spaces Storage,Independent,United Spaces Storage,,West W.C. Rogers Boulevard,Skiatook,OK,74070,36.3694897,-96.0306514,,,https://unitedspaces.net,,,self-storage,C,40,
Storage Court,Independent,Storage Court,Denton,,,TX,,33.0125972,-96.98036,,,,,,self-storage,C,15,No website found
ERP Storage,Independent,ERP Storage,Harris,,,TX,,29.7183883,-95.3317454,,,,,,self-storage,C,15,No website found
UH Technology Bridge Storage,Independent,UH Technology Bridge Storage,Harris,,,TX,,29.7176585,-95.332092,,,,,,self-storage,C,15,No website found
Fire and Life Safety - Storage,Independent,Fire and Life Safety - Storage,Harris,Cullen Boulevard,Houston,TX,77204,29.7134202,-95.3481078,,,,,,self-storage,C,15,No website found
Ground Storage Building,Independent,Ground Storage Building,Harris,Cullen Boulevard,Houston,TX,77204,29.7135842,-95.3482441,,,,,,self-storage,C,15,No website found
Environmental & Physical Safety Storage Building 1,Independent,Environmental & Physical Safety Storage Building 1,Harris,Elgin Street,Houston,TX,77204,29.7278054,-95.3393715,,,,,,self-storage,C,15,No website found
Environmental & Physical Safety Storage Building 2,Independent,Environmental & Physical Safety Storage Building 2,Harris,Elgin Street,Houston,TX,77204,29.7280852,-95.339084,,,,,,self-storage,C,15,No website found
General Services Storage,Independent,General Services Storage,Harris,Elgin Street,Houston,TX,77204,29.7281173,-95.3394109,,,,,,self-storage,C,15,No website found
Graphic Floor Storage Building,Independent,U.S. Department of Energy,,,,TX,,35.8722871,-106.3165936,,,,,,self-storage,C,15,No website found
Acme Brick Storage Yard,Independent,Acme Brick Storage Yard,Williamson,,,TX,,30.5038093,-97.6866116,,,,,,self-storage,C,15,No website found
Uncle Bobs Storage,Chain,Uncle Bobs Storage,Williamson,,,TX,,30.503636,-97.6851727,,,,,,self-storage,C,0,No website found; Chain-managed
254 Storage Location 105,Independent,254 Storage Location 105,McLennan,Baylor Avenue,Waco,TX,,31.5409514,-97.1270012,,,,,,self-storage,C,15,No website found
Right Space Storage,Independent,Right Space Storage,Williamson,Ranch-to-Market Road 620,Round Rock,TX,78681,30.4967415,-97.7243965,,,,,,self-storage,C,15,No website found
Extra Space Storage,Chain,Extra Space Storage,Travis,West Mary Street,,TX,,30.2488294,-97.76719,,,,,,self-storage,C,0,No website found; Chain-managed
Storage Room - Oriya Community,Independent,Storage Room - Oriya Community,Travis,,,TX,,30.2820757,-97.6193947,,,,,,self-storage,C,15,No website found
RightSpace Storage office,Independent,RightSpace Storage,Hays,Park 35 Cove North,Buda,TX,78610,30.0696085,-97.8321385,512-729-8721,,https://www.nsastorage.com,,,self-storage,B,55,
Storage Mart,Chain,Storage Mart,Williamson,FM 1325,Austin,TX,78728,30.4655877,-97.6935596,800-264-9485,,https://www.storage-mart.com,,,self-storage,C,5,Chain-managed
KOC Storage,Independent,KOC Storage,Travis,Lohmans Crossing Road,Lakeway,TX,78738,30.351868,-97.9792095,,,,,,self-storage,C,15,No website found
U-Haul Moving and Storage,Chain,U-Haul Moving and Storage,Travis,Interstate 35 Frontage Road,Austin,TX,78744,30.1663171,-97.7845545,512-280-3232,,https://www.uhaul.com/Locations/Truck-Rentals-near-Austin-TX-78744/737023/,,,self-storage,C,5,Chain-managed
U-Haul Moving & Storage,Chain,U-Haul Moving & Storage,Harris,,,TX,,29.7840045,-95.7265868,,,,,,self-storage,C,0,No website found; Chain-managed
Kirtland Underground Munitions Maintenance and Storage Complex,Independent,Kirtland Underground Munitions Maintenance and Storage Complex,,,,TX,,35.0092065,-106.5480006,,,,,,self-storage,C,15,No website found
United States Cold Storage,Independent,United States Cold Storage,Tarrant,East Park Row Drive,Arlington,TX,76010,32.7191965,-97.0485805,,,,,,self-storage,C,15,No website found
Eddy County Storage and Maintenance Facility,Independent,Eddy County Storage and Maintenance Facility,,,,TX,,32.4171829,-104.2261504,,,,,,self-storage,C,15,No website found
North Watts Storage,Independent,North Watts Storage,,,,TX,,36.1052406,-94.5718921,,,,,,self-storage,C,15,No website found
Sherwood Plaza Storage,Independent,Sherwood Plaza Storage,Ector,,,TX,,31.8991802,-102.3799647,,,,,,self-storage,C,15,No website found
Program Storage,Independent,Program Storage,,,,TX,,36.4534893,-104.9595276,,,,,,self-storage,C,15,No website found
Denum Moving and Storage,Independent,Denum Moving and Storage,Angelina,East Lufkin Avenue,Lufkin,TX,75901,31.3376861,-94.7217337,936-634-7777,,,,,self-storage,C,40,
Storage at Circleville,Independent,Storage at Circleville,Williamson,,,TX,,30.6354527,-97.432798,,,,,,self-storage,C,15,No website found
Valley View RV Park and Storage,Independent,Valley View RV Park and Storage,Midland,TX 158,Midland,TX,79706,31.970859,-102.0010614,,,,,,self-storage,C,15,No website found
Poultry Science Equipment Storage,Independent,Poultry Science Equipment Storage,Brazos,,,TX,,30.587046,-96.3510993,,,,,,self-storage,C,15,No website found
Wintergreen RV Park and Storage,Independent,Wintergreen RV Park and Storage,Guadalupe,,,TX,,29.6171455,-98.0130016,,,,,,self-storage,C,15,No website found
U-Haul Moving and Storage,Chain,U-Haul Moving and Storage,Lubbock,34th Street,Lubbock,TX,79411,33.5626897,-101.8545253,,,,,,self-storage,C,0,No website found; Chain-managed
Swine Research and Education Center Electrical and Storage #1,Independent,Swine Research and Education Center Electrical and Storage #1,,,,TX,,36.1293584,-97.0969483,,,,,,self-storage,C,15,No website found
Swine Research and Education Center Electrical and Storage #2,Independent,Swine Research and Education Center Electrical and Storage #2,,,,TX,,36.1284395,-97.0969592,,,,,,self-storage,C,15,No website found
Police Property Storage,Independent,Police Property Storage,Lubbock,,,TX,,33.5877095,-101.8460181,,,,,,self-storage,C,15,No website found
Vaughn Storage Systems,Independent,Vaughn Storage Systems,Lubbock,19th Street,Lubbock,TX,79407,33.5785804,-101.9641906,,,,,,self-storage,C,15,No website found
Robertson Storage,Independent,Robertson Storage,Moore,,,TX,,35.9717189,-101.8769338,,,,,,self-storage,C,15,No website found
Stenocall Tower Storage,Independent,Stenocall Tower Storage,Lubbock,,,TX,,33.488281,-101.8832426,,,,,,self-storage,C,15,No website found
Easy Stop Storage,Independent,Easy Stop Storage,Lubbock,Englewood Avenue,Lubbock,TX,79414,33.5520696,-101.9366781,,,,,,self-storage,C,15,No website found
Hart Moving & Storage Inc,Independent,Hart Moving & Storage Inc,Lubbock,,,TX,,33.5610543,-101.820521,,,,,,self-storage,C,15,No website found
Storage Today,Independent,Storage Today,Lubbock,Clovis Road,Lubbock,TX,79415,33.6063164,-101.8714642,,,,,,self-storage,C,15,No website found
A-Plus Super Storage,Independent,A-Plus Super Storage,Lubbock,Erskine Street,Lubbock,TX,79415,33.6073806,-101.8645373,,,,,,self-storage,C,15,No website found
Sunset Storage,Independent,Sunset Storage,,,,TX,,35.5880236,-97.5320718,,,,,,self-storage,C,15,No website found
Ample Storage,Independent,Ample Storage,Lubbock,,,TX,,33.5210862,-101.963971,,,,,,self-storage,C,15,No website found
Affordable Storage,Independent,Affordable Storage,Lubbock,Frankford Avenue,Lubbock,TX,79407,33.5659688,-101.9410562,,,,,,self-storage,C,15,No website found
A-Plus Super Storage,Independent,A-Plus Super Storage,Lubbock,Slide Road,Lubbock,TX,79424,33.4986525,-101.9232169,,,,,,self-storage,C,15,No website found
Out of Sight Storage,Independent,Out of Sight Storage,Lubbock,,,TX,,33.5065325,-102.0015829,,,,,,self-storage,C,15,No website found
Affordable Storage,Independent,Affordable Storage,Lubbock,Quaker Avenue,Lubbock,TX,79424,33.4772132,-101.9037302,,,,,,self-storage,C,15,No website found
Affordable Storage,Independent,Affordable Storage,Lubbock,4th Street,Lubbock,TX,79416,33.5914857,-101.9412132,,,,,,self-storage,C,15,No website found
Discount Storage: 96th & University,Independent,Discount Storage,Lubbock,University Avenue,Lubbock,TX,79423,33.5069006,-101.8715247,806-748-9201,,https://discountselfstoragetexas.com/store-locations/96th-university-ave-79424,,yes,self-storage,B,55,
Track Storage Building,Independent,Track Storage Building,,South Beechwood Avenue,Fayetteville,AR,72701,36.0490477,-94.1842671,,,,,,self-storage,C,15,No website found
Levi Storage Center,Chain,Levi Storage Center,,South Stirman Avenue,Fayetteville,AR,72701,36.0443063,-94.1745225,,,,,,self-storage,C,0,No website found; Chain-managed
Storage Shed 1 # 0402,Independent,Storage Shed 1 # 0402,Denton,,,TX,,33.2000439,-97.2164853,,,,,,self-storage,C,15,No website found
Storage Shed 2 #0403,Independent,Storage Shed 2 #0403,Denton,,,TX,,33.1999536,-97.2163902,,,,,,self-storage,C,15,No website found
Storage Rentals,Independent,Storage Rentals,Reeves,,,TX,,31.3941898,-103.5031082,,,,,,self-storage,C,15,No website found
Storage Shed,Independent,Storage Shed,Collin,,,TX,,33.018538,-96.7303723,,,,,,self-storage,C,15,No website found
Grounds Maintenance Storage,Independent,Grounds Maintenance Storage,Brazos,,,TX,,30.6269051,-96.3439347,,,,,,self-storage,C,15,No website found
RUAC Storage Hut,Independent,RUAC Storage Hut,Denton,,,TX,,33.2004028,-97.2083478,,,,,,self-storage,C,15,No website found
U-Haul Moving and Storage,Chain,U-Haul Moving and Storage,,,,TX,,36.0744946,-95.9753573,,,,,,self-storage,C,0,No website found; Chain-managed
Stack & Store Storage,Independent,Stack & Store Storage,,Southeast 29th Street,Midwest City,OK,73110,35.4345134,-97.3761915,,,,,,self-storage,C,15,No website found
Storm Drain Storage Area,Independent,Storm Drain Storage Area,Williamson,,,TX,,30.5360854,-97.6795897,,,,,,self-storage,C,15,No website found
Quik Stor Storage,Independent,Quik Stor Storage,,,,TX,,35.4200981,-97.4278514,,,,,,self-storage,C,15,No website found
Storage Equipment & Container Co.,Independent,Storage Equipment & Container Co.,,,,TX,,35.4509621,-97.6176333,,,,,,self-storage,C,15,No website found
US Cold Storage,Independent,US Cold Storage,Tarrant,Downing Drive,,TX,,32.817955,-97.3183712,,,,,,self-storage,C,15,No website found
City of Tulsa Surplus Equipment Storage Yard,Independent,City of Tulsa Surplus Equipment Storage Yard,,North Trenton Avenue,Tulsa,OK,,36.1634368,-95.9699229,,,,,,self-storage,C,15,No website found
Great Spaces Storage,Independent,Great Spaces Storage,Montgomery,,,TX,,30.1712558,-95.5995091,,,,,,self-storage,C,15,No website found
Classic Storage Station,Independent,Classic Storage Station,,,,TX,,36.0742648,-95.7811152,,,,,,self-storage,C,15,No website found
ABC Secured Storage,Independent,ABC Secured Storage,Midland,West Loop 250 North,Midland,TX,79707,32.0322698,-102.1386159,,,,,,self-storage,C,15,No website found
All My Sons Moving and Storage,Independent,All My Sons Moving and Storage,Denton,Old Mill Road,,TX,,32.989337,-96.8657535,,,,,,self-storage,C,15,No website found
Extra Space Storage Bldg #4,Chain,Extra Space Storage Bldg #4,Dallas,West Airport Freeway,Irving,TX,75062,32.8387486,-96.9646148,,,https://www.extraspace.com/,,,self-storage,C,0,Chain-managed
Extra Space Storage Bldg #1,Chain,Extra Space Storage Bldg #1,Dallas,,,TX,,32.838232,-96.9644811,,,https://www.extraspace.com/,,,self-storage,C,0,Chain-managed
Extra Space Storage Bldg #2,Chain,Extra Space Storage Bldg #2,Dallas,,,TX,,32.838231,-96.9647135,,,,,,self-storage,C,0,No website found; Chain-managed
Extra Space Storage Bldg #3,Chain,Extra Space Storage Bldg #3,Dallas,,,TX,,32.8382298,-96.9649041,,,,,,self-storage,C,0,No website found; Chain-managed
Extra Space Storage Office,Chain,Extra Space Storage Office,Dallas,West Airport Freeway,Irving,TX,75062,32.8364056,-96.9492657,,,,,,self-storage,C,0,No website found; Chain-managed
Storage Shop,Independent,Storage Shop,,,,TX,,35.9880707,-96.0450828,,,,,,self-storage,C,15,No website found
77 Storage Place,Independent,77 Storage Place,,Classen Boulevard,Norman,OK,73071,35.173845,-97.4126658,,,,,,self-storage,C,15,No website found
Extra Space Storage,Chain,Extra Space Storage,Harris,Main Street,Houston,TX,77025,29.6911288,-95.4188822,,,,,,self-storage,C,0,No website found; Chain-managed
Advantage Storage,Independent,Advantage Storage,Collin,University Drive,McKinney,TX,,33.217093,-96.677938,,,,,,self-storage,C,15,No website found
Electrical Storage,Independent,Electrical Storage,Dallas,,,TX,,32.9275082,-96.7367361,,,,,,self-storage,C,15,No website found
RISD Storage,Independent,RISD Storage,Dallas,,,TX,,32.9278613,-96.7359499,,,,,,self-storage,C,15,No website found
Public Storage,Chain,Public Storage,Dallas,Audelia Road,Richardson,TX,75081,32.9355423,-96.7203057,,,,,,self-storage,C,0,No website found; Chain-managed
Facilities Management Storage Building,Independent,Facilities Management Storage Building,Collin,,,TX,,32.9924393,-96.7458001,,,,,,self-storage,C,15,No website found
Turnkey Storage,Independent,Turnkey Storage,Taylor,,,TX,,32.4517442,-99.7024227,,,,,,self-storage,C,15,No website found
Golf Cart Storage Building,Independent,Golf Cart Storage Building,Brazos,,,TX,,30.6151849,-96.3316799,,,,,,self-storage,C,15,No website found
Main Storage Way,Independent,Main Storage Way,Parker,,,TX,,32.9722885,-97.5702721,,,,,,self-storage,C,15,No website found
Lucas Storage,Independent,Lucas Storage,Collin,S Angel Pkwy,Lucas,TX,75002,33.0896631,-96.618003,,,,,,self-storage,C,15,No website found
Extra Space Storage,Chain,Extra Space Storage,Harris,Decker Drive,Baytown,TX,77520,29.768289,-95.0083191,,,,,,self-storage,C,0,No website found; Chain-managed
Eagle Storage,Independent,Eagle Storage,Wood,Northeast Loop 564,Mineola,TX,75773,32.68888,-95.4803197,903-569-9468,,https://www.mineolastorage.com/,,,self-storage,B,55,
Physical Plant Storage,Independent,Physical Plant Storage,Hockley,,,TX,,33.5745064,-102.3703374,,,,,,self-storage,C,15,No website found
Roughneck Security Storage,Independent,Roughneck Security Storage,Gregg,East US 80,White Oak,TX,75693,32.5192306,-94.854298,,,,,,self-storage,C,15,No website found
Park Storage Shed,Independent,Park Storage Shed,Karnes,,,TX,,28.8827233,-97.8988825,,,,,,self-storage,C,15,No website found
AAA Storage,Independent,AAA Storage,Lubbock,North Quaker Avenue,Lubbock,TX,79416,33.6235965,-101.9057457,,,,,,self-storage,C,15,No website found
Freedom Storage,Independent,Freedom Storage,Dallas,Scyene Road,Dallas,TX,75227,32.7636294,-96.6455715,,,,,,self-storage,C,15,No website found
U-Haul Moving & Storage,Chain,U-Haul Moving & Storage,,Central Avenue Northeast,Albuquerque,NM,87108,35.0770351,-106.5759818,,,,,,self-storage,C,0,No website found; Chain-managed
Security Storage,Independent,Security Storage,Palo Pinto,MH 379,Mineral Wells,TX,76067,32.7899071,-98.0818761,,,,,,self-storage,C,15,No website found
Sanger Storage,Independent,Sanger Storage,Denton,S. Stemmons,Sanger,TX,76266,33.355965,-97.1829354,,,,,,self-storage,C,15,No website found
Extra Space Storage,Chain,Extra Space Storage,Dallas,Big Town Boulevard,Mesquite,TX,75150,32.8057796,-96.6691907,,,,,,self-storage,C,0,No website found; Chain-managed
Bigfoot Storage,Independent,Bigfoot Storage,Lubbock,North Frankford Avenue,Lubbock,TX,79416,33.6137322,-101.941087,,,,,,self-storage,C,15,No website found
Love Field Storage,Independent,Love Field Storage,Dallas,,,TX,,32.820448,-96.8387891,,,,,,self-storage,C,15,No website found
"Westgate Storage, LLC",Independent,"Westgate Storage, LLC",Hood,West US Highway 377,Granbury,Texas,76048,32.430155,-97.8338995,,,,,,self-storage,C,15,No website found
Public Storage,Chain,Public Storage,Denton,Legacy Drive,Frisco,TX,75034,33.1483057,-96.848943,,,,,,self-storage,C,0,No website found; Chain-managed
Affordable Storage,Independent,Affordable Storage,Lubbock,50th Street,Lubbock,TX,79412,33.5459409,-101.8571261,,,,,,self-storage,C,15,No website found
Storage Zone,Independent,Storage Zone,Lubbock,South Loop 289,Lubbock,TX,79423,33.527858,-101.8525226,,,,,,self-storage,C,15,No website found
Absolute Nationwide Storage,Independent,Absolute Nationwide Storage,Lubbock,Tahoka Highway,Lubbock,TX,79423,33.5077422,-101.8427846,,,,,,self-storage,C,15,No website found
Santa Fe Depot Road Storage,Independent,Santa Fe Depot Road Storage,Nolan,Santa Fe Depot Road,Sweetwater,TX,79556,32.4998221,-100.382807,,,,,,self-storage,C,15,No website found
Northside Storage Lot,Independent,Northside Storage Lot,Harris,Tidwell Road,Houston,TX,,29.8453342,-95.380297,,,,,,self-storage,C,15,No website found
Pro Box Portable Storage,Independent,Pro Box Portable Storage,,,,TX,,35.3204361,-97.5981915,,,,,,self-storage,C,15,No website found
Mobile Mini - Portable Storage & Offices,Independent,Mobile Mini - Portable Storage & Offices,,South Meridian Avenue,Oklahoma City,OK,73173,35.3268607,-97.5971863,405-814-1300,,https://www.mobilemini.com/locations/ok/oklahoma-city,,,self-storage,B,55,
Extra Space Storage,Chain,Extra Space Storage,Dallas,Clark Road,Dallas,TX,75249,32.6613515,-96.944913,,,,,,self-storage,C,0,No website found; Chain-managed
US Cold Storage,Independent,US Cold Storage,,Island Street,,TX,78041,27.552797,-99.5102889,,,,,,self-storage,C,15,No website found
The Storage Place,Independent,The Storage Place,Wichita,Loop 11,Wichita Falls,TX,76306,33.9388207,-98.5335432,,,,,,self-storage,C,15,No website found
Security Storage,Independent,Security Storage,Wichita,Reilly Road,Wichita Falls,TX,76306,33.9804989,-98.5357894,,,,,,self-storage,C,15,No website found
Amazing Space Storage Solutions,Independent,Amazing Space Storage Solutions,Hockley,North Sherman Avenue,Levelland,TX,79336,33.5969609,-102.363608,,,,,,self-storage,C,15,No website found
Storage Plus of Katy,Independent,Storage Plus of Katy,Harris,,,TX,,29.8029601,-95.7706171,,,,,,self-storage,C,15,No website found
McCoy's Building Supply - Lumber Storage,Independent,McCoy's Building Supply - Lumber Storage,Williamson,,,TX,,30.5965032,-97.4164981,,,,,,self-storage,C,15,No website found
South Athens Storage,Independent,South Athens Storage,Henderson,State Highway 19 South,Athens,TX,75751,32.1530809,-95.8320639,,,,,,self-storage,C,15,No website found
Interstate Storage,Independent,Interstate Storage,Van Zandt,North Trade Days Boulevard,Canton,TX,75103,32.5767435,-95.85709,,,,,,self-storage,C,15,No website found
A-1 Storage,Independent,A-1 Storage,Kerr,Harper Road,Kerrville,TX,78028,30.0836946,-99.1542276,,,,,,self-storage,C,15,No website found
Fairland Storage,Independent,Fairland Storage,Burnet,Ranch Road 1855,Marble Falls,TX,78654,30.6424276,-98.2623774,,,,,,self-storage,C,15,No website found
Sky Storage and Uhaul,Chain,Sky Storage and Uhaul,Lamar,Northwest Loop 286,Paris,TX,75460,33.6841093,-95.5695676,,,,,,self-storage,C,0,No website found; Chain-managed
AAA Safgard Storage,Independent,AAA Safgard Storage,Lamar,North Main Street,Paris,TX,75460,33.68954,-95.5557114,,,,,,self-storage,C,15,No website found
Four Oaks Storage Center,Independent,Four Oaks Storage Center,Grayson,Well Road,Denison,TX,75020,33.7525853,-96.6458355,,,,,,self-storage,C,15,No website found
46 West Storage,Independent,46 West Storage,Comal,State Highway 46 West,Spring Branch,TX,78070,29.7915877,-98.4644162,,,,,,self-storage,C,15,No website found
Public Storage,Chain,Public Storage,Montgomery,Interstate 45 South,Conroe,TX,77304,30.2815857,-95.4609267,,,,,,self-storage,C,0,No website found; Chain-managed
Storage Drive,Independent,Storage Drive,Randall,,,TX,,35.1418484,-101.8812986,,,,,,self-storage,C,15,No website found
All Storage - Western,Independent,All Storage - Western,Randall,South Western Street,Amarillo,TX,79110,35.145718,-101.8815686,,,,,,self-storage,C,15,No website found
A-A Storage Rental,Independent,A-A Storage Rental,Jefferson,East Cardinal Drive,Beaumont,TX,77705,30.0313011,-94.0804962,,,,,,self-storage,C,15,No website found
New Hope Storage Sidepath,Independent,New Hope Storage Sidepath,,,,TX,,36.3112006,-94.1049379,,,,,,self-storage,C,15,No website found
Bulldog Storage,Independent,Bulldog Storage,Hutchinson,West 5th Street,Borger,TX,79007,35.6697547,-101.3928539,,,,,,self-storage,C,15,No website found
Polly Peak Storage,Independent,Polly Peak Storage,Bandera,State Highway 16 South,Bandera,TX,78003,29.7461301,-99.0205792,,,,,,self-storage,C,15,No website found
Access Storage,Independent,Access Storage,Kerr,Bandera Highway,Kerrville,TX,78028,29.9718775,-99.112909,,,,,,self-storage,C,15,No website found
Stuff Storage,Independent,Stuff Storage,Medina,US Highway 90 East,Castroville,TX,78009,29.3659509,-98.8068992,,,,,,self-storage,C,15,No website found
Wilson Storage,Independent,Wilson Storage,,Siler Road,Santa Fe,NM,,35.6610045,-105.9938706,,,,,,self-storage,C,15,No website found
Storage Tent,Independent,Storage Tent,Cameron,,Starbase,TX,,25.9882651,-97.1878152,,,,,,self-storage,C,15,No website found
Pampa Storage Spot,Independent,Pampa Storage Spot,Gray,West 23rd Avenue,Pampa,TX,79065,35.5614217,-100.9850056,,,,,,self-storage,C,15,No website found
Above All Storage,Independent,Above All Storage,Gray,West 23rd Avenue,Pampa,TX,79065,35.5616216,-100.9885939,,,,,,self-storage,C,15,No website found
Alpine Storage,Independent,Alpine Storage,Gregg,Alpine Road,Longview,TX,75605,32.536592,-94.7029414,,,,,,self-storage,C,15,No website found
Storage Solutions Plus,Independent,Storage Solutions Plus,Medina,State Highway 173 North,Devine,TX,78016,29.1505436,-98.919015,,,,,,self-storage,C,15,No website found
Farm Supply Tire Storage,Independent,Farm Supply Tire Storage,Hansford,,,TX,,36.2008222,-101.1938055,,,,,,self-storage,C,15,No website found
Public Storage,Chain,Public Storage,Dallas,Oates Drive,Mesquite,TX,75150,32.8416383,-96.6258225,,,,,,self-storage,C,0,No website found; Chain-managed
The Storage Place,Independent,The Storage Place,Dallas,North Belt Line Road,Mesquite,TX,75150,32.8308659,-96.5966044,,,,,,self-storage,C,15,No website found
A3 Storage Centers,Independent,A3 Storage Centers,Andrews,North US Highway 385,Andrews,TX,79714,32.3423484,-102.5532675,,,,,,self-storage,C,15,No website found
P.A.C.K. Storage,Independent,P.A.C.K. Storage,Andrews,Northeast Mustang Drive,Andrews,TX,79714,32.3356169,-102.543221,,,,,,self-storage,C,15,No website found
Greenkey Storage,Independent,Greenkey Storage,Henderson,Southeast Loop 7,Athens,TX,75752,32.1723349,-95.8254106,,,,,,self-storage,C,15,No website found
Hwy 287 RV Park And Storage,Independent,Hwy 287 RV Park And Storage,Ellis,S US Highway 287,,TX,,32.3391574,-96.7697946,,,,,,self-storage,C,15,No website found
Longhorn State Storage,Independent,Longhorn State Storage,Randall,South Coulter Street,Amarillo,TX,79119,35.0903161,-101.9184711,,,,,,self-storage,C,15,No website found
Sunset Storage,Independent,Sunset Storage,Tom Green,Sunset Drive,San Angelo,TX,76904,31.4138067,-100.4592787,,,,,,self-storage,C,15,No website found
Northside Storage,Independent,Northside Storage,Tom Green,North Chadbourne Street,San Angelo,TX,76903,31.4864018,-100.4512645,,,,,,self-storage,C,15,No website found
A & A Auto & R V Sales & Storage,Independent,A & A Auto & R V Sales & Storage,Williamson,Williams Drive,Georgetown,TX,78633,30.7065184,-97.7512995,512-930-1404,,https://www.aaautorvsalesstorage.com/,,,RV/boat,B,55,
EMS Classroom/EMS Storage,Independent,EMS Classroom/EMS Storage,Brazos,,,TX,,30.5782912,-96.3493067,,,,,,self-storage,C,15,No website found
ESTI Technical Equipment Storage,Independent,ESTI Technical Equipment Storage,Brazos,,,TX,,30.5771285,-96.3496728,,,,,,self-storage,C,15,No website found
Shadow Ranch Storage,Independent,Shadow Ranch Storage,Kaufman,FM 2965,Wills Point,TX,75169,32.6585603,-96.0897039,972-658-3777,,,,,self-storage,C,40,
The Storage Place - Lockbox,Independent,The Storage Place - Lockbox,Kaufman,FM 2578,Terrell,TX,75160,32.7102646,-96.2872646,,,,,,self-storage,C,15,No website found
Storage Solutions of Forney,Independent,Storage Solutions of Forney,Kaufman,FM 740,Forney,TX,75126,32.7976233,-96.4706446,,,,,,self-storage,C,15,No website found
RightSpace Storage,Independent,RightSpace Storage,Kaufman,West US Highway 80,Terrell,TX,75160,32.7387282,-96.3193399,,,,,,self-storage,C,15,No website found
RightSpace Storage,Independent,RightSpace Storage,Kaufman,Helms Trail,Forney,TX,75126,32.699694,-96.4295448,,,,,,self-storage,C,15,No website found
Extra Space Storage,Chain,Extra Space Storage,Bell,West Loop 121,Belton,TX,76513,31.0336299,-97.4807938,,,,,,self-storage,C,0,No website found; Chain-managed
SpaceX MegaLift and Equipment Storage Yard,Independent,SpaceX MegaLift and Equipment Storage Yard,Cameron,,Starbase,TX,,25.9929149,-97.1804859,,,,,,self-storage,C,15,No website found
Mission Storage,Independent,Mission Storage,Smith,FM 16 West,Lindale,TX,75771,32.5133518,-95.433476,,,,,,self-storage,C,15,No website found
Double C Storage,Independent,Double C Storage,Kaufman,State Highway 34 North,Terrell,TX,75161,32.7691346,-96.2525017,,,,,,self-storage,C,15,No website found
Physical Plant Storage Building,Independent,Physical Plant Storage Building,McLennan,,,TX,,31.6313975,-97.080685,,,,,,self-storage,C,15,No website found
Central Receiving Storage,Independent,Central Receiving Storage,McLennan,,,TX,,31.6321735,-97.0832865,,,,,,self-storage,C,15,No website found
Laser Electro-Optics Storage,Independent,Laser Electro-Optics Storage,McLennan,,,TX,,31.642065,-97.0828735,,,,,,self-storage,C,15,No website found
Band Storage Building,Independent,Band Storage Building,,,,TX,,36.0493535,-94.1802103,,,,,,self-storage,C,15,No website found
Morningstar Storage,Independent,Morningstar Storage,Kendall,Interstate 10 West,Boerne,TX,78006,29.8194066,-98.7570161,,,,,,self-storage,C,15,No website found
Bergheim Storage,Independent,Bergheim Storage,Kendall,State Highway 46 East,Boerne,TX,78006,29.828064,-98.5620184,,,,,,self-storage,C,15,No website found
Lockaway Storage,Independent,Lockaway Storage,Kendall,River Road,Boerne,TX,78006,29.7897875,-98.6950819,,,,,,self-storage,C,15,No website found
The Storage Place,Independent,The Storage Place,Victoria,North John Stockbauer Drive,Victoria,TX,77904,28.8527055,-96.9833131,,,,,,self-storage,C,15,No website found
Payless Storage,Independent,Payless Storage,,Trinity Boulevard,Texarkana,AR,71854,33.4769493,-94.0089186,,,,,,self-storage,C,15,No website found
Town East Storage,Independent,Town East Storage,Dallas,North Town East Boulevard,Mesquite,TX,75150,32.7949399,-96.6533069,,,,,,self-storage,C,15,No website found
Texarkana National Storage,Chain,Texarkana National Storage,Bowie,Richmond Road,Texarkana,TX,75503,33.4602424,-94.0927493,,,,,,self-storage,C,0,No website found; Chain-managed
I-30 Storage Center,Independent,I-30 Storage Center,,Jefferson Avenue,Texarkana,AR,71854,33.4695037,-94.0304383,,,,,,self-storage,C,15,No website found
I-30 Jefferson Storage,Independent,I-30 Jefferson Storage,,Jefferson Avenue,Texarkana,AR,71854,33.4688175,-94.0301077,,,,,,self-storage,C,15,No website found
Storage #2 (CAMI Metal),Independent,Storage #2 (CAMI Metal),,,,TX,,35.395555,-97.6203825,,,,,,self-storage,C,15,No website found
TSI Storage,Chain,TSI Storage,,,,TX,,35.4028723,-97.6222624,,,,,,self-storage,C,0,No website found; Chain-managed
Floriculture Farm Storage Building,Independent,Floriculture Farm Storage Building,Brazos,,,TX,,30.6102493,-96.3522666,,,,,,self-storage,C,15,No website found
Police Department/Records Storage,Independent,Police Department/Records Storage,Coryell,,,TX,,31.1192603,-97.8120661,,,,,,self-storage,C,15,No website found
Baseball Softball Storage Building,Independent,Baseball Softball Storage Building,Walker,,,TX,,30.7142282,-95.539968,,,,,,self-storage,C,15,No website found
Sun Furniture Storage,Independent,Sun Furniture Storage,,Texas Avenue,Shreveport,LA,71101,32.4995299,-93.7545109,,,,,,self-storage,C,15,No website found
Advantage Storage,Independent,Advantage Storage,Johnson,West FM 917,Joshua,TX,76058,32.4625262,-97.4214127,,,,,,self-storage,C,15,No website found
Discount Storage: Shop Rentals,Independent,Discount Storage,Lubbock,122nd Street,Lubbock,TX,79424,33.483769,-101.9374337,806-698-1598,,,,yes,self-storage,C,40,
Public Storage,Chain,Public Storage,,Gould Drive,Bossier City,LA,71111,32.5227655,-93.7080485,,,,,,self-storage,C,0,No website found; Chain-managed
Data Management Record Storage,Independent,Data Management Record Storage,,South Southwest Boulevard West,Tulsa,OK,74107,36.1104118,-96.0132156,,,,,,self-storage,C,15,No website found
IWT Storage Building,Independent,IWT Storage Building,,,,TX,,35.3972586,-97.6156555,,,,,,self-storage,C,15,No website found
ASDE-X Storage Building,Independent,ASDE-X Storage Building,,,,TX,,35.3965317,-97.6147202,,,,,,self-storage,C,15,No website found
TSI Storage Building,Chain,TSI Storage Building,,,,TX,,35.3939466,-97.6218304,,,,,,self-storage,C,0,No website found; Chain-managed
Storage #1 (CAMI Flammable),Independent,Storage #1 (CAMI Flammable),,,,TX,,35.3953606,-97.6199812,,,,,,self-storage,C,15,No website found
CARSR Storage,Independent,CARSR Storage,,,,TX,,35.4001751,-97.6355494,,,,,,self-storage,C,15,No website found
Camel Maxi Storage,Chain,Camel Maxi Storage,Grayson,West Houston Street,Sherman,TX,75092,33.6248292,-96.6568664,,,,,,self-storage,C,0,No website found; Chain-managed
City of Albuquerque Fleet Maintenance Wharehouse and storage,Independent,City of Albuquerque Fleet Maintenance Wharehouse and storage,,,,TX,,35.1691704,-106.581614,,,,,,self-storage,C,15,No website found
Recreational Storage,Independent,Recreational Storage,,,,TX,,35.0550979,-106.6082378,,,,,,self-storage,C,15,No website found
Lone Star Storage,Independent,Lone Star Storage,Lampasas,North US Highway 281,Lampasas,TX,76550,31.0922297,-98.1885358,,,,,,self-storage,C,15,No website found
Spanish Oaks Storage,Independent,Spanish Oaks Storage,Blanco,Loop 163,Blanco,TX,78606,30.0803268,-98.4133087,,,,,,self-storage,C,15,No website found
ABC Equipment Rental Storage Building,Independent,ABC Equipment Rental Storage Building,,,,TX,,36.1403557,-95.9477638,,,,,,self-storage,C,15,No website found
K & L Storage,Independent,K & L Storage,McLennan,North Highway 6,Woodway,TX,76712,31.5651429,-97.2807064,,,,,,self-storage,C,15,No website found
Connex Area Storage,Independent,Connex Area Storage,Williamson,,,TX,,30.4990309,-97.684089,,,,,,self-storage,C,15,No website found
Advantage Storage,Independent,Advantage Storage,Denton,Teasley Lane,Denton,TX,76210,33.1570727,-97.1042381,,,,,,self-storage,C,15,No website found
Storage Cabin,Independent,Storage Cabin,,,,TX,,36.4427143,-105.093385,,,,,,self-storage,C,15,No website found
Hay Storage,Independent,Hay Storage,,,,TX,,36.4193574,-105.0988904,,,,,,self-storage,C,15,No website found
Outdoor Storage and Kitchen,Independent,Outdoor Storage and Kitchen,Bexar,,,TX,,29.2525904,-98.5205192,,,,,,self-storage,C,15,No website found
Kokopelli Storage,Chain,Kokopelli Storage,,,,TX,,33.400084,-105.6525043,,,,,,self-storage,C,0,No website found; Chain-managed
STRATTON RIDGE STORAGE CAVERN 1,Independent,Kinder Morgan Tejas Pipeline,Brazoria,,,TX,,29.057231,-95.3414264,,,,,,self-storage,C,15,No website found
Wilson Storage to A/S Channel,Independent,"Enterprise Products Operating, LLC",Brazoria,,,TX,,29.1358932,-95.8259647,,,,,,self-storage,C,15,No website found
STRATTON RIDGE STORAGE CAVERN 2,Independent,Kinder Morgan Tejas Pipeline,Brazoria,,,TX,,29.0565657,-95.3408007,,,,,,self-storage,C,15,No website found
Markham Storage Lateral #2,Independent,Kinder Morgan Texas Pipeline LLC,Matagorda,,,TX,,28.9913096,-96.1536542,,,,,,self-storage,C,15,No website found
Markham Storage Lateral #4,Independent,Kinder Morgan Texas Pipeline LLC,Matagorda,,,TX,,28.9897743,-96.1521335,,,,,,self-storage,C,15,No website found
Eagle Ford Wilson Storage to sm102 Tie-I,Independent,"Enterprise Products Operating, LLC",Matagorda,,,TX,,29.2061061,-95.883371,,,,,,self-storage,C,15,No website found
MARKHAM STORAGE LATERAL #5,Independent,Kinder Morgan Texas Pipeline LLC,Matagorda,,,TX,,28.9903819,-96.1536539,,,,,,self-storage,C,15,No website found
Wilson Storage Lateral,Independent,Florida Gas Transmission,Matagorda,,,TX,,29.1826122,-95.8850313,,,,,,self-storage,C,15,No website found
MARKHAM STORAGE LATERAL #7,Independent,Kinder Morgan Texas Pipeline LLC,Matagorda,,,TX,,28.9915577,-96.1549753,,,,,,self-storage,C,15,No website found
Sam's Storage,Independent,Sam's Storage,Palo Pinto,FM 2951,Graford,TX,76449,32.8896776,-98.4683316,,,,,,self-storage,C,15,No website found
Payless Storage,Independent,Payless Storage,Bowie,Hampton Road,Texarkana,TX,75503,33.4567283,-94.1388784,,,,,,self-storage,C,15,No website found
West Loop Storage,Independent,West Loop Storage,Henderson,Northwest Loop 7,Athens,TX,75751,32.1971447,-95.9098504,,,,,,self-storage,C,15,No website found
The Storage Place,Independent,The Storage Place,Henderson,Southpark Circle,Athens,TX,75752,32.1687985,-95.8373346,,,,,,self-storage,C,15,No website found
Absolute Storage,Independent,Absolute Storage,Potter,West Loop 335 North,Amarillo,TX,79124,35.242545,-101.937583,,,,,,self-storage,C,15,No website found
Dumas ISD Custodial & Cold Storage,Independent,Dumas ISD Custodial & Cold Storage,Moore,South Twichell Avenue,Dumas,TX,79029,35.8617704,-101.9797573,,,,,,self-storage,C,15,No website found
Prospect Storage,Independent,GlidePath Power Operations LLC,Brazoria,,,TX,,29.1495017,-95.6510136,,,,,,self-storage,C,15,No website found
Brownfield Storage Lockers,Independent,Brownfield Storage Lockers,Terry,East Buckley Street,Brownfield,TX,79316,33.1754769,-102.2745311,,,,,,self-storage,C,15,No website found
Public Storage - Office,Chain,Public Storage - Office,Bexar,West Sunset Road,San Antonio,TX,78216,29.5080811,-98.4785031,210-446-0547,,https://www.publicstorage.com/self-storage-tx-san-antonio/625,,,self-storage,C,5,Chain-managed
Blue Summit Storage,Independent,"Blue Summit Storage, LLC",Wilbarger,,,TX,,34.2937021,-99.3687183,,,,,,self-storage,C,15,No website found
Wind Turbine Storage Site,Independent,Wind Turbine Storage Site,Nueces,,,TX,,27.8321358,-97.3924401,,,,,,self-storage,C,15,No website found
Chuckwagon Storage,Independent,Chuckwagon Storage,,,,TX,,36.4704811,-105.0482032,,,,,,self-storage,C,15,No website found
Mandy's Storage,Independent,Mandy's Storage,Grayson,,,TX,,33.6820456,-96.5861999,,,,,,self-storage,C,15,No website found
Best Price Storage,Independent,Best Price Storage,,Commerce Court,Fort Smith,AR,72908,35.2967354,-94.4191117,,,,,,self-storage,C,15,No website found
Controlled Storage Solutions,Independent,Controlled Storage Solutions,Grayson,West FM 120,Denison,TX,75020,33.7634404,-96.644032,,,,,,self-storage,C,15,No website found
Coal Storage,Independent,Coal Storage,Nueces,,,TX,,27.8145365,-97.4972275,,,,,,self-storage,C,15,No website found
Affordable Storage,Independent,Affordable Storage,Lubbock,Tahoka Highway,Lubbock,TX,79423,33.4826347,-101.8420952,,,,,,self-storage,C,15,No website found
Dow Chemical - Salt Dome Storage Operations,Independent,Dow Chemical - Salt Dome Storage Operations,Brazoria,,,TX,,29.0463868,-95.3551987,,,,,,self-storage,C,15,No website found
Infinity Storage,Independent,Infinity Storage,Bandera,State Highway 16 North,Bandera,TX,78003,29.7316004,-99.0934638,,,,,,self-storage,C,15,No website found
White Kitchen Gathering - Yoakum Plant Outlet to Wilson Storage Line,Independent,"Enterprise Products Operating, LLC",Lavaca,,,TX,,29.329371,-96.8905111,,,,,,self-storage,C,15,No website found
Extra Space Storage,Chain,Extra Space Storage,Tarrant,Mansfield Highway,Fort Worth,TX,76119,32.6694106,-97.2467232,,,,,,self-storage,C,0,No website found; Chain-managed
River City Storage Westside,Independent,River City Storage Westside,,Military Boulevard,Muskogee,OK,74401,35.7668547,-95.3913035,,,,,,self-storage,C,15,No website found
Clear Lake Storage Tie-In,Independent,Kinder Morgan Tejas Pipeline LLC,Harris,,,TX,,29.6251637,-95.1209073,,,,,,self-storage,C,15,No website found
Pierce Junction Storage Lateral,Independent,Kinder Morgan Texas Pipeline LLC,Harris,,,TX,,29.6571845,-95.4176951,,,,,,self-storage,C,15,No website found
East Storage to Teppco (Natural Gasoline),Independent,"Enterprise Products Operating, LLC",Chambers,,,TX,,29.8224983,-94.888156,,,,,,self-storage,C,15,No website found
West Storage to East Storage,Independent,"Enterprise Products Operating, LLC",Chambers,,,TX,,29.8474102,-94.8982461,,,,,,self-storage,C,15,No website found
Port Arthur to West Storage (Ethylene),Independent,"Enterprise Products Operating, LLC",Chambers,,,TX,,29.868076,-94.8801547,,,,,,self-storage,C,15,No website found
East Storage Pump Facilities to Oneok Station,Independent,"Enterprise Products Operating, LLC",Chambers,,,TX,,29.848929,-94.8936571,,,,,,self-storage,C,15,No website found
North Storage to East Storage Pumping Facilities #1,Independent,"Enterprise Products Operating, LLC",Chambers,,,TX,,29.8519095,-94.8950914,,,,,,self-storage,C,15,No website found
East Storage Pump Facilities to Sun Oil (Butane),Independent,"Enterprise Products Operating, LLC",Chambers,,,TX,,29.8397929,-94.8927681,,,,,,self-storage,C,15,No website found
Mont Belvieu to West Storage,Independent,"Enterprise Products Operating, LLC",Chambers,,,TX,,29.8517528,-94.9112677,,,,,,self-storage,C,15,No website found
North/East Storage Transgfer Line,Independent,"Enterprise Products Operating, LLC",Chambers,,,TX,,29.8519412,-94.895003,,,,,,self-storage,C,15,No website found
West Storage to Exxon Storage,Independent,"Enterprise Products Operating, LLC",Chambers,,,TX,,29.8424172,-94.8934055,,,,,,self-storage,C,15,No website found
North Storage to East Storage Pumping Facilities,Independent,"Enterprise Products Operating, LLC",Chambers,,,TX,,29.8519304,-94.8950646,,,,,,self-storage,C,15,No website found
Natural Gasoline to Storage,Independent,"Enterprise Products Operating, LLC",Chambers,,,TX,,29.8606771,-94.9049103,,,,,,self-storage,C,15,No website found
Splitter Plant IV to North Storage,Independent,"Enterprise Products Operating, LLC",Chambers,,,TX,,29.8619616,-94.90483,,,,,,self-storage,C,15,No website found
North Storage to East Storage Pumping Facilities (Propylene),Independent,"Enterprise Products Operating, LLC",Chambers,,,TX,,29.8509434,-94.8954421,,,,,,self-storage,C,15,No website found
North Storage to East Storage Pumping Facilities (Natural Gasoline),Independent,"Enterprise Products Operating, LLC",Chambers,,,TX,,29.8518425,-94.8952244,,,,,,self-storage,C,15,No website found
Pierce Junction Underground Storage,Independent,Pierce Junction Underground Storage,Harris,,,TX,,29.6555112,-95.4157424,,,,,,self-storage,C,15,No website found
Right Space Storage,Independent,Right Space Storage,,,,TX,,35.141022,-106.5852415,,,,,,self-storage,C,15,No website found
Superior Storage,Independent,Superior Storage,Hale,West Service Road,Abernathy,TX,79311,33.8416602,-101.8452908,,,,,,self-storage,C,15,No website found
Lone Star Storage,Independent,Lone Star Storage,Hockley,Alamo Road,Levelland,TX,79336,33.5915754,-102.3474003,,,,,,self-storage,C,15,No website found
Golden Triangle Storage System,Independent,"Golden Triangle Storage, Inc.",Jefferson,,,TX,,30.0232695,-94.0755003,,,,,,self-storage,C,15,No website found
Golden Triangle Storage System - Mainline #2,Independent,"Golden Triangle Storage, Inc.",Jefferson,,,TX,,30.0283084,-94.0541539,,,,,,self-storage,C,15,No website found
Port Arthur to West Storage,Independent,"Enterprise Products Operating, LLC",Jefferson,,,TX,,29.9496625,-94.1654689,,,,,,self-storage,C,15,No website found
Golden Triangle Storage System - Mainline #1,Independent,"Golden Triangle Storage, Inc.",Jefferson,,,TX,,30.0282355,-94.0541222,,,,,,self-storage,C,15,No website found
Golden Triangle Storage System - Golden Pass Lateral,Independent,"Golden Triangle Storage, Inc.",Jefferson,,,TX,,30.0205498,-94.0558683,,,,,,self-storage,C,15,No website found
Housing Storage Warehouse,Independent,Housing Storage Warehouse,Collin,,,TX,,32.9913223,-96.7532917,,,,,,self-storage,C,15,No website found
The Storage Shed,Independent,The Storage Shed,Callahan,West 4th Street,Baird,TX,79504,32.3955403,-99.4037751,,,,,,self-storage,C,15,No website found
Track & Field Facilities Storage,Independent,Track & Field Facilities Storage,,,,TX,,35.0660956,-106.626803,,,,,,self-storage,C,15,No website found
Attic Storage,Independent,Attic Storage,Gillespie,West US Highway 290,Fredericksburg,TX,78624,30.2838888,-98.8958521,,,,,,self-storage,C,15,No website found
Air Force Storage Yard,Independent,Air Force Storage Yard,,,,TX,,35.0433082,-106.5488015,,,,,,self-storage,C,15,No website found
The getaway RV and storage,Independent,The getaway RV and storage,San Patricio,North 13th Street,Aransas Pass,TX,78336,27.917263,-97.1562471,,,,,,self-storage,C,15,No website found
Ferguson Big Toy Storage,Independent,Ferguson Big Toy Storage,Lubbock,Tahoka Highway,Lubbock,TX,79423,33.48658,-101.8462598,,,,,,self-storage,C,15,No website found
SpareBox Storage,Independent,SpareBox Storage,Denton,Crawford Road,Argyle,TX,76226,33.1321199,-97.2036882,,,https://www.spareboxstorage.com/storage-units/tx/argyle/sparebox-0105,,,self-storage,C,40,
Mesquite Storage,Independent,Mesquite Storage,Dallas,West Cartwright Road,Mesquite,TX,75149,32.750454,-96.6125769,,,,,,self-storage,C,15,No website found
TX12 Silicon Hill Storage,Independent,Key Capture Energy,Travis,,,TX,,30.4123928,-97.5737474,,,,,,self-storage,C,15,No website found
Locker Storage,Independent,Locker Storage,,,,TX,,36.0029346,-95.6839963,918-279-6500,,,,,self-storage,C,40,
Lockaway Storage,Independent,Lockaway Storage,Bexar,US Highway 281 North,San Antonio,TX,78260,29.7112616,-98.4474482,,,,,,self-storage,C,15,No website found
Elite Storage,Independent,Elite Storage,Mitchell,North Austin Street,Colorado City,TX,79512,32.4065648,-100.8599782,,,,,,self-storage,C,15,No website found
Jung Storage Building,Independent,Jung Storage Building,Bastrop,Emile Street,Bastrop,TX,78602,30.1062205,-97.318579,,,,,,self-storage,C,15,No website found
Yellow Door Storage,Independent,Yellow Door Storage,Denton,East Sherman Drive,Denton,TX,76208,33.2554348,-97.1097732,,,,,,self-storage,C,15,No website found
Alpine Storage,Independent,Alpine Storage,Brewster,East Brown Avenue,Alpine,TX,79830,30.3638551,-103.6623628,,,,,,self-storage,C,15,No website found
H & L Storage,Independent,H & L Storage,Midland,East Loop 250 North,Midland,TX,79705,32.0445187,-101.9962767,,,,,,self-storage,C,15,No website found
Commercial Storage and Distribution,Independent,Commercial Storage and Distribution,,Metro Drive,Shreveport,LA,71109,32.4583514,-93.8426016,,,,,,self-storage,C,15,No website found
I-20 Office & Storage,Independent,I-20 Office & Storage,,Metro Drive,Shreveport,LA,71109,32.4580708,-93.8412144,,,,,,self-storage,C,15,No website found
Castle Storage,Independent,Castle Storage,Brazos,North Earl Rudder Freeway,Bryan,TX,77803,30.7196985,-96.3925782,,,,,,self-storage,C,15,No website found
Storology Storage,Independent,Storology Storage,Smith,East Grande Boulevard,Tyler,TX,75703,32.2782403,-95.2753085,,,,,,self-storage,C,15,No website found
Superior Storage,Independent,Superior Storage,Smith,US Hwy 69 N,Tyler,TX,75706,32.4628614,-95.3822588,,,https://www.getsuperiorstorage.com/storage-units/texas/tyler/superior-storage-hwy-69-3501027/,,,self-storage,C,40,
Northgate Storage,Independent,Northgate Storage,Smith,FM 14,Tyler,TX,75706,32.3970012,-95.2846217,,,,,,self-storage,C,15,No website found
Facilities Services/Storage,Independent,Facilities Services/Storage,Harris,,,TX,,29.6563116,-95.1130159,,,,,,self-storage,C,15,No website found
A Cool Storage,Independent,A Cool Storage,Harrison,Pope Street,Marshall,TX,75670,32.540101,-94.3694296,,,,,,self-storage,C,15,No website found
Highway 15 Storage,Independent,Highway 15 Storage,Lipscomb,,,TX,,36.4557925,-100.5405934,,,,,,self-storage,C,15,No website found
Storagemart,Chain,Storagemart,Bexar,,,TX,,29.4705236,-98.4983931,,,,,,self-storage,C,0,No website found; Chain-managed
Dave's Storage Complex,Independent,Dave's Storage Complex,Eastland,County Road 546,Eastland,TX,76448,32.4127785,-98.7687095,,,,,,self-storage,C,15,No website found
Lockhart City Mechanic and Storage Yard,Independent,Lockhart City Mechanic and Storage Yard,Caldwell,,,TX,,29.8903524,-97.6808549,,,,,,self-storage,C,15,No website found
Longhorn Boat & Camper Storage,Independent,Longhorn Boat & Camper Storage,Travis,,,TX,,30.4120745,-97.8484387,,,,,,self-storage,C,15,No website found
Portales Storage,Independent,Portales Storage,,West 22Nd Street,Portales,TX,88130,34.1653816,-103.3374534,,,,,,self-storage,C,15,No website found
Shoe Storage 1,Independent,Shoe Storage 1,Travis,,,TX,,30.2818994,-97.6184807,,,,,,self-storage,C,15,No website found
Shoe Storage 2,Independent,Shoe Storage 2,Travis,,,TX,,30.281721,-97.6184564,,,,,,self-storage,C,15,No website found
Storage Room Foot Path,Independent,Storage Room Foot Path,Travis,,,TX,,30.2821422,-97.6192106,,,,,,self-storage,C,15,No website found
Public Storage,Chain,Public Storage,Bexar,West Hausman Road,San Antonio,TX,78249,29.5715872,-98.6472773,,,,,,self-storage,C,0,No website found; Chain-managed
Cibolo Storage,Independent,Cibolo Storage,Guadalupe,,,TX,,29.5631045,-98.2389458,,,,,,self-storage,C,15,No website found
Cibolo Texas Storage,Independent,Cibolo Texas Storage,Guadalupe,,,TX,,29.5731613,-98.2328672,,,,,,self-storage,C,15,No website found
Main dry storage area,Independent,Austin Ycaht Club,Travis,,,TX,,30.4209097,-97.9213084,,,,,200,self-storage,C,15,No website found
RA Storage,Independent,RA Storage,Harris,,,TX,,30.1019403,-95.5914566,,,,,,self-storage,C,15,No website found
Premier Lock Storage,Independent,Premier Lock Storage,Harrison,FM 2879,Longview,TX,75605,32.5509119,-94.6969698,,,,,,self-storage,C,15,No website found
River Valley Storage 1 & 2,Independent,Key Capture Storage,Williamson,,,TX,,30.4146756,-97.3567341,,,,,,self-storage,C,15,No website found
Cunningham Storage,Independent,"Acciona Energy USA Global, LLC",Hunt,,,TX,,33.0046996,-96.0767479,,,,,,self-storage,C,15,No website found
Sun Valley Storage,Independent,"Sun Valley Storage, LLC",Hill,,,TX,,31.8645272,-97.0145246,,,,,,self-storage,C,15,No website found
WW Maintenance and Storage Building,Independent,WW Maintenance and Storage Building,Dallas,,,TX,,32.9658241,-97.0163814,,,,,,self-storage,C,15,No website found
WW Storage Building,Independent,WW Storage Building,Dallas,,,TX,,32.9659495,-97.0170146,,,,,,self-storage,C,15,No website found
United States Cold Storage,Independent,United States Cold Storage,Dallas,North Cockrell Hill Road,,TX,,32.7712704,-96.89891,,,https://www.uscold.com/facilities/dallas-south-tx/,,,self-storage,C,40,
Storage SE06 1217-K1,Independent,Storage SE06 1217-K1,Tarrant,,,TX,,32.6388437,-97.0702371,,,,,,self-storage,C,15,No website found
Storage SE06 1124A,Independent,Storage SE06 1124A,Tarrant,,,TX,,32.6386183,-97.0705454,,,,,,self-storage,C,15,No website found
Storage SE06 1117A-S,Independent,Storage SE06 1117A-S,Tarrant,,,TX,,32.6384327,-97.0706733,,,,,,self-storage,C,15,No website found
Storage SE06 2110A-S,Independent,Storage SE06 2110A-S,Tarrant,,,TX,,32.6386165,-97.0705494,,,,,,self-storage,C,15,No website found
Storage SE06 3219B-S,Independent,Storage SE06 3219B-S,Tarrant,,,TX,,32.6389143,-97.0699807,,,,,,self-storage,C,15,No website found
Storage SE06 3122A-S,Independent,Storage SE06 3122A-S,Tarrant,,,TX,,32.6386184,-97.0705455,,,,,,self-storage,C,15,No website found
Storage SE06 2203,Independent,Storage SE06 2203,Tarrant,,,TX,,32.6389001,-97.0700088,,,,,,self-storage,C,15,No website found
Public Storage,Chain,Public Storage,Harris,Plainfield Street,Houston,TX,77036,29.6727921,-95.5469506,281-763-7241,,,,,self-storage,C,0,Chain-managed
StorageMart,Chain,StorageMart,Bexar,Braun Road,San Antonio,TX,78254,29.5428237,-98.7086583,,,,,,self-storage,C,0,No website found; Chain-managed
Holy Storage Company,Independent,Holy Storage Company,Harris,Holly Street,Houston,TX,77074,29.6917691,-95.494737,713-995-4634,,,,,self-storage,C,40,
Wolf Tank Storage,Independent,"Wolf Tank Storage, LLC",Webb,,,TX,,27.5771322,-99.276307,,,,,,self-storage,C,15,No website found
Mirror Plaza Storage,Independent,Mirror Plaza Storage,Potter,North Houston Street,Amarillo,TX,79107,35.2185487,-101.8190963,,,,,,self-storage,C,15,No website found
Equipment Storage,Independent,Equipment Storage,Tarrant,,,TX,,32.6391827,-97.0729944,,,,,,self-storage,C,15,No website found
Pottery Storage,Independent,Pottery Storage,Tarrant,,,TX,,32.6378287,-97.0728326,,,,,,self-storage,C,15,No website found
SE05.1802A-S Storage,Independent,SE05.1802A-S Storage,Tarrant,,,TX,,32.639453,-97.070518,,,,,,self-storage,C,15,No website found
SE05.1709A-S Storage,Independent,SE05.1709A-S Storage,Tarrant,,,TX,,32.639392,-97.070991,,,,,,self-storage,C,15,No website found
Goal Storage,Independent,Goal Storage,Montgomery,,,TX,,30.2675429,-95.538348,,,,,,self-storage,C,15,No website found
TX10 Hummingbird Storage,Independent,Key Capture Energy,Denton,,,TX,,33.32316,-97.3142983,,,,,,self-storage,C,15,No website found
Byrd Ranch Storage,Independent,Byrd Ranch Storage LLC,Brazoria,,,TX,,29.0560774,-95.6867773,,,,,,self-storage,C,15,No website found
TX23 Roughneck Storage,Independent,Key Capture Energy,Brazoria,,,TX,,29.1592291,-95.6616981,,,,,,self-storage,C,15,No website found
SMT Ironman Battery Storage Plant,Independent,SMT Ironman BESS LLC,Brazoria,,,TX,,29.4558892,-95.311282,,,,,,self-storage,C,15,No website found
Noble Solar Storage,Independent,"BT Noble Solar, LLC",Denton,,,TX,,33.3263075,-97.3148379,,,,,,self-storage,C,15,No website found
TX13 Endurance Park Storage,Independent,Key Capture Energy,Scurry,,,TX,,32.856556,-100.9920668,,,,,,self-storage,C,15,No website found
Libra Storage,Independent,Libra Storage LLC,Guadalupe,,,TX,,29.4654367,-98.0034036,,,,,,self-storage,C,15,No website found
Longhorn Storage,Independent,Longhorn Storage LLC,Callahan,,,TX,,32.4297463,-99.1601064,,,,,,self-storage,C,15,No website found
Chillingham Storage,Independent,Chillingham Storage LLC,Bell,,,TX,,31.0058533,-97.2650253,,,,,,self-storage,C,15,No website found
Great Kiskadee Storage,Independent,"Great Kiskadee Storage, LLC",Hidalgo,,,TX,,26.127543,-98.1540142,,,,,,self-storage,C,15,No website found
Angelo Storage,Independent,"Angelo Storage, LLC",Tom Green,,,TX,,31.5079927,-100.5869701,,,,,,self-storage,C,15,No website found
TX15 Limousin Oak Storage,Independent,Key Capture Energy,Grimes,,,TX,,30.6595308,-95.9735697,,,,,,self-storage,C,15,No website found
Hoef's Road Storage,Independent,"Anatolian Energy, LLC",Reeves,,,TX,,31.0321306,-103.4591166,,,,,,self-storage,C,15,No website found
Wigeon Whistle Battery Storage Plant,Independent,Wigeon Whistle BESS LLC,Collin,,,TX,,33.0302257,-96.3569896,,,,,,self-storage,C,15,No website found
Citadel Battery Storage Plant,Independent,Citadell BESS LLC,Harris,,,TX,,29.8738105,-95.0176948,,,,,,self-storage,C,15,No website found
TE Smith Storage,Independent,BT Smith Storage LLC,Rockwall,,,TX,,32.9703591,-96.348314,,,,,,self-storage,C,15,No website found
Old 300 Storage Center,Independent,"Old 300 Storage Center, LLC",Fort Bend,,,TX,,29.3274872,-95.8112111,,,,,,self-storage,C,15,No website found
Canyon Storage,Independent,Canyon Storage,Randall,Canyon East Parkway,Canyon,TX,79015,34.972894,-101.873294,,,,,,self-storage,C,15,No website found
Al Pastor Battery Storage Plant,Independent,Al Pastor BESS LLC,Dawson,,,TX,,32.717106,-101.9373228,,,,,,self-storage,C,15,No website found
Safe Storage,Independent,Safe Storage,Henderson,FM 315 South,Chandler,TX,75758,32.2124052,-95.5066647,,,,,,self-storage,C,15,No website found
Locker,Independent,Locker,Reeves,,,TX,,31.3795798,-103.5260081,,,,,,self-storage,C,15,No website found
Blocker,Independent,Blocker,,,,TX,,35.0614862,-95.5683171,,,,,,self-storage,C,15,No website found
Locker Hill,Independent,Locker Hill,San Saba,,,TX,,31.3729423,-98.9033802,,,,,,self-storage,C,15,No website found
William R Blocker Middle School,Independent,William R Blocker Middle School,Galveston,,,TX,,29.3985667,-94.9018671,,,,,,self-storage,C,15,No website found
Blocker Lake Dam,Independent,Blocker Lake Dam,Harrison,,,TX,,32.5951485,-94.155188,,,,,,self-storage,C,15,No website found
Blocker Lake,Independent,Blocker Lake,Harrison,,,TX,,32.5951485,-94.155188,,,,,,self-storage,C,15,No website found
Foot Locker,Independent,Foot Locker,Harris,,,TX,,29.6995258,-95.2963464,,,,,,self-storage,C,15,No website found
Kids Foot Locker,Independent,Foot Locker,Dallas,,,TX,,32.6026187,-96.9409896,,,,,,self-storage,C,15,No website found
Lady Foot Locker,Independent,Foot Locker,Dallas,,,TX,,32.6028319,-96.9429071,,,,,,self-storage,C,15,No website found
Amazon Hub Locker - Macau,Independent,Amazon Hub Locker,Williamson,,,TX,,30.542582,-97.650906,,,,,,self-storage,C,15,No website found
UPS Locker,Independent,UPS Locker,Dallas,,,TX,,32.6047834,-96.9516492,,,,,,self-storage,C,15,No website found
Foot Locker,Independent,Foot Locker,Hidalgo,North 10th Street,McAllen,TX,78504,26.2729544,-98.2176805,956-682-5611,,,,,self-storage,C,40,
Amazon Lockers,Independent,Amazon Hub,,,,TX,,36.1047505,-95.9733036,,,,,,self-storage,C,15,No website found
Ragan Locker,Independent,Johnny Ragan,Lipscomb,Main Street,Darrouzett,TX,79024,36.4447762,-100.325547,806-624-3361,,https://www.raganlocker.com/,,,self-storage,B,55,
Locker Room Haircuts,Independent,Locker Room Haircuts,Bexar,,,TX,,29.4428397,-98.6617917,,,,,,self-storage,C,15,No website found
Frozen Food Locker Museum,Independent,Frozen Food Locker Museum,,12th Street,Carrizozo,NM,88301,33.6449813,-105.871213,,,,,,self-storage,C,15,No website found
Locker Room Haircuts,Independent,Locker Room Haircuts,Montgomery,FM 1488,Magnolia,TX,77354,30.2213093,-95.564864,,,,,,self-storage,C,15,No website found
Kids Foot Locker,Independent,Foot Locker,Harris,North Freeway,Houston,TX,,29.8295569,-95.3796293,,,,,,self-storage,C,15,No website found
Foot Locker,Independent,Foot Locker,Harris,North Freeway,Houston,TX,,29.8300502,-95.3809644,,,https://stores.footlocker.com/tx/houston/4400b-north-freeway-7337.html,,,self-storage,C,40,
Luke’s Locker,Independent,Luke’s Locker,Tarrant,Monahans Avenue,Fort Worth,TX,76109,32.7094595,-97.4008409,817-877-1448,,https://lukeslocker.com/,,,self-storage,B,55,
Foot Locker,Independent,Foot Locker,Travis,East 41st Street,Austin,TX,78751,30.2997248,-97.7215978,512-454-4435,,https://stores.footlocker.com/us/tx/austin/1000-e-41st-st.html,,,self-storage,B,55,
Amazon Locker,Independent,Amazon Locker,Williamson,,,TX,,30.4703959,-97.8015029,,,,,,self-storage,C,15,No website found
Lids Locker Room,Independent,Lids,Hays,I-35 Frontage,San Marcos,TX,78666,29.8241536,-97.9871108,512-392-1880,,,,,self-storage,C,40,
Amazon Locker Willow,Independent,Amazon Hub Locker,Bexar,,,TX,,29.5770638,-98.5127035,,,,,,self-storage,C,15,No website found
Amazon Locker Vinyard,Independent,Amazon Hub,Bexar,,,TX,,29.6133759,-98.5109678,,,,,,self-storage,C,15,No website found
Amazon Locker Cultivar,Independent,Amazon Hub Locker,Bexar,,,TX,,29.5344036,-98.4292671,,,,,,self-storage,C,15,No website found
Amazon Locker Quarry,Independent,Amazon Locker,Bexar,,,TX,,29.4931712,-98.4807341,,,,,,self-storage,C,15,No website found
Davey Jones Ice Cream Locker,Independent,Davey Jones Ice Cream Locker,Cameron,,,TX,,26.0782673,-97.2069445,,,,,,self-storage,C,15,No website found
Amazon Locker Developer,Independent,Amazon Hub Locker,Bexar,,,TX,,29.6001256,-98.4176171,,,,,,self-storage,C,15,No website found
Amazon Hub Locker,Independent,Amazon Hub,Williamson,,,TX,,30.5769795,-97.8726873,,,,,,self-storage,C,15,No website found
Locker Room Haircuts,Independent,Locker Room Haircuts,Ector,North Dixie Boulevard,Odessa,TX,79762,31.8850842,-102.3743264,432-614-5541,,https://lockerroomhc.com/odessa-tx/,,,self-storage,B,55,
KidsFoot Locker,Independent,Foot Locker,Tarrant,,,TX,,32.9680219,-97.0422603,,,https://stores.footlocker.com/tx/grapevine/3000-grapevine-mills-9523.html,,,self-storage,C,40,
Amazon Locker - Rushmore,Independent,Amazon Locker,Harris,,,TX,,29.5724442,-95.1087832,,,,,,self-storage,C,15,No website found
Amazon Locker - Curio,Independent,Amazon Locker,Dallas,,,TX,,32.9180007,-96.9628175,,,,,,self-storage,C,15,No website found
Amazon Locker - Angie,Independent,Amazon Locker,Tarrant,,,TX,,32.5784972,-97.3163224,,,,,,self-storage,C,15,No website found
Locker Room Haircuts,Independent,Locker Room Haircuts,Randall,South Soncy Road,Amarillo,TX,79119,35.170294,-101.9397158,806-398-0775,,,,,self-storage,C,40,
Meridian Locker Plant,Independent,Meridian Locker Plant,Bosque,Morgan Street,Meridian,TX,76665,31.9236334,-97.6567206,254-435-2803,,,,,self-storage,C,40,
Amazon Locker -Eugene,Independent,Amazon Locker -Eugene,Dallas,Belt Line Road,,TX,,32.9541663,-96.8897087,,,,,,self-storage,C,15,No website found
Amazon Locker - Handspring,Independent,Amazon Locker,Midland,,,TX,,31.8955358,-102.2707052,,,,,,self-storage,C,15,No website found
Leasing office/Locker,Independent,Leasing office/Locker,Harris,,,TX,,29.6614659,-95.1726785,,,,,,self-storage,C,15,No website found
Amazon locker,Independent,Amazon Locker,Bexar,"2804 Quiet Plain Drive, San Antonio, TX 78245",,TX,,29.4045661,-98.681053,,,,,,self-storage,C,15,No website found
Amazon Locker,Independent,Amazon Locker,Bexar,Marbach Road,,TX,78245,29.4184282,-98.6776952,,,,,,self-storage,C,15,No website found
Amazon Locker - Bracelet,Independent,Amazon Locker,Bexar,O'Connor Road,San Antonio,TX,78233,29.5485308,-98.3745739,,,,,,self-storage,C,15,No website found
Convict Hill/John Blocker,Independent,Capital Metropolitan Transportation Authority,Travis,,,TX,,30.2238054,-97.8644484,,,https://www.capmetro.org/plan/schedmap/stopdetail/3197,,,self-storage,C,40,
Locker Room By Lids,Independent,Lids,Harris,,,TX,,29.542786,-95.1483793,,,,,,self-storage,C,15,No website found
Locker/Leasing office,Independent,Locker/Leasing office,Collin,,,TX,,33.1394609,-96.8135687,,,,,,self-storage,C,15,No website found
Locker Room Haircuts,Independent,Locker Room Haircuts,Midland,North Midland Drive,,TX,,32.0282324,-102.1448039,432-218-6819,,https://lockerroomhc.com/midland-tx-n-midland-drive,,,self-storage,B,55,
Locker #505 Student's Clothing Bank,Independent,Locker #505 Student's Clothing Bank,,,,TX,,35.1094528,-106.5750167,,,,,,self-storage,C,15,No website found
Amazon Parcel Lockers,Independent,Amazon,Tarrant,,,TX,,32.6478609,-97.0765877,,,,,,self-storage,C,15,No website found
Lids Locker Room,Independent,Lids,Harris,Memorial City Way,,TX,,29.7818558,-95.5415474,,,,,,self-storage,C,15,No website found
Foot Locker (Coming Soon),Independent,Foot Locker,Harris,,,TX,,29.7815879,-95.5417143,,,,,,self-storage,C,15,No website found
Lockerbie Drive,Independent,Lockerbie Drive,,,,TX,,36.4852591,-94.3438003,,,,,,self-storage,C,15,No website found
Lockerbie Lane,Independent,Lockerbie Lane,,,,TX,,36.487623,-94.3431351,,,,,,self-storage,C,15,No website found
Lockerbie Circle,Independent,Lockerbie Circle,,,,TX,,36.4878566,-94.3431436,,,,,,self-storage,C,15,No website found
Blocker Creek Road A,Independent,Blocker Creek Road A,,,,TX,,34.357623,-93.8367625,,,,,,self-storage,C,15,No website found
Blocker Creek Road,Independent,Blocker Creek Road,,,,TX,,34.3523995,-93.823231,,,,,,self-storage,C,15,No website found
McClellan Locker Road,Independent,McClellan Locker Road,,,,TX,,35.8992593,-94.4054862,,,,,,self-storage,C,15,No website found
South Blocker Lane,Independent,South Blocker Lane,,,,TX,,32.1203011,-103.1252167,,,,,,self-storage,C,15,No website found
North Blocker Lane,Independent,North Blocker Lane,,,,TX,,32.1348216,-103.1221073,,,,,,self-storage,C,15,No website found
Blocker Avenue,Independent,Blocker Avenue,,,,TX,,35.3543697,-94.4349883,,,,,,self-storage,C,15,No website found
Blocker Lane,Independent,Blocker Lane,,,,TX,,33.8669952,-94.8068512,,,,,,self-storage,C,15,No website found
Blocker Road,Independent,Blocker Road,,,,TX,,35.1058422,-95.6422659,,,,,,self-storage,C,15,No website found
Locker Lane,Independent,Locker Lane,Bexar,,,TX,,29.490867,-98.6029285,,,,,,self-storage,C,15,No website found
Blocker Street,Independent,Blocker Street,Bexar,,,TX,,29.403079,-98.5519895,,,,,,self-storage,C,15,No website found
Lockern Street,Independent,Lockern Street,Harris,,,TX,,29.858398,-95.3032005,,,,,,self-storage,C,15,No website found
John Blocker Drive,Independent,John Blocker Drive,Travis,,,TX,,30.2244949,-97.8632698,,,,,,self-storage,C,15,No website found
Lockerbie Court,Independent,Lockerbie Court,Travis,,,TX,,30.43373,-97.8124355,,,,,,self-storage,C,15,No website found
John Blocker Court,Independent,John Blocker Court,Travis,,,TX,,30.224014,-97.863243,,,,,,self-storage,C,15,No website found
Lockerbie Avenue,Independent,Lockerbie Avenue,El Paso,,,TX,,31.786164,-106.3541845,,,,,,self-storage,C,15,No website found
Locker Plant Road,Independent,Locker Plant Road,Gregg,,,TX,,32.5246581,-94.9110424,,,,,,self-storage,C,15,No website found
West Blocker Street,Independent,West Blocker Street,Martin,,,TX,,32.1293737,-101.8044822,,,,,,self-storage,C,15,No website found
Blocker Building,Independent,Texas A&M University,Brazos,,College Station,TX,77840,30.6195195,-96.3421582,,,,,,self-storage,C,15,No website found
Luke's Locker,Independent,Luke's Locker,Fort Bend,,,TX,,29.7434619,-95.774716,,,,,,self-storage,C,15,No website found
Lockeridge Bend,Independent,Lockeridge Bend,Montgomery,,,TX,,30.1111374,-95.3854046,,,,,,self-storage,C,15,No website found
Lockeridge Cove Drive,Independent,Lockeridge Cove Drive,Montgomery,,,TX,,30.109184,-95.3837165,,,,,,self-storage,C,15,No website found
Lockeridge Oaks Drive,Independent,Lockeridge Oaks Drive,Montgomery,,,TX,,30.109591,-95.3845228,,,,,,self-storage,C,15,No website found
Lockeridge Place Drive,Independent,Lockeridge Place Drive,Montgomery,,,TX,,30.1102701,-95.3850258,,,,,,self-storage,C,15,No website found
Lockeridge Springs Drive,Independent,Lockeridge Springs Drive,Montgomery,,,TX,,30.1106261,-95.3832597,,,,,,self-storage,C,15,No website found
Lockeridge View Drive,Independent,Lockeridge View Drive,Montgomery,,,TX,,30.1094421,-95.3849593,,,,,,self-storage,C,15,No website found
Lockeridge Farms Drive,Independent,Lockeridge Farms Drive,Montgomery,,,TX,,30.1104825,-95.3842475,,,,,,self-storage,C,15,No website found
Lockeridge Village Drive,Independent,Lockeridge Village Drive,Montgomery,,,TX,,30.1104893,-95.3818699,,,,,,self-storage,C,15,No website found
Lockeridge Creek Drive,Independent,Lockeridge Creek Drive,Montgomery,,,TX,,30.1106052,-95.3810861,,,,,,self-storage,C,15,No website found
Office & Lockers,Independent,Office & Lockers,,,,TX,,35.894949,-106.3912006,,,,,,self-storage,C,15,No website found
Locker Cemetery,Independent,Locker Cemetery,San Saba,,,TX,,31.3772771,-98.8883663,,,,,,self-storage,C,15,No website found
Locker Street,Independent,Locker Street,Hidalgo,,,TX,,26.3765338,-98.0940801,,,,,,self-storage,C,15,No website found
Blocker Ranch,Independent,Blocker Ranch,Bexar,,,TX,,29.4259531,-98.7446186,,,,,,self-storage,C,15,No website found
Global Graphics / Locker Room,Independent,Global Graphics / Locker Room,Gregg,West Cotton Street,Longview,TX,75601,32.4984008,-94.769676,,,,,,self-storage,C,15,No website found
Locker Room,Independent,Locker Room,Lubbock,University Avenue,Lubbock,TX,79401,33.5860246,-101.8703783,,,,,,self-storage,C,15,No website found
Softball/Soccer Locker Room,Independent,Softball/Soccer Locker Room,,,,TX,,34.7705503,-96.6577875,,,,,,self-storage,C,15,No website found
Baseball Locker Room,Independent,Baseball Locker Room,,,,TX,,34.7711567,-96.6592036,,,,,,self-storage,C,15,No website found
Blocker Cemetery,Independent,Blocker Cemetery,Harrison,,,TX,,32.6265229,-94.1172518,,,,,,self-storage,C,15,No website found
Mens Locker Room,Independent,Mens Locker Room,Parker,,,TX,,32.7339163,-97.5650828,,,,,,self-storage,C,15,No website found
Womens Locker Rooms,Independent,Womens Locker Rooms,Parker,,,TX,,32.7338315,-97.5650276,,,,,,self-storage,C,15,No website found
Football Locker Room,Independent,Football Locker Room,Hunt,,,TX,,33.2468932,-95.90935,,,,,,self-storage,C,15,No website found
Football Lockerroom,Independent,Football Lockerroom,,,Eunice,NM,88231,32.4386272,-103.1671669,,,,,,self-storage,C,15,No website found
Blocker Middle School,Independent,Blocker Middle School,Galveston,,,TX,,29.3946231,-94.921107,,,,,,self-storage,C,15,No website found
Lee Blocker Plaza,Independent,Lee Blocker Plaza,Travis,,,TX,,30.3467299,-97.9667675,,,,,,self-storage,C,15,No website found
Lockers,Independent,Lockers,Bexar,,,TX,,29.5403704,-98.3933516,,,,,,self-storage,C,15,No website found
Home Locker Room,Independent,Home Locker Room,Collin,,,TX,,33.1565349,-96.6605996,,,,,,self-storage,C,15,No website found
Visitor Locker Room,Independent,Visitor Locker Room,Collin,,,TX,,33.1565383,-96.6600054,,,,,,self-storage,C,15,No website found
Foot Locker,Independent,Foot Locker,Dallas,South Buckner Boulevard,Mesquite,TX,75149,32.7932545,-96.6830856,,,https://stores.footlocker.com/tx/mesquite/5550-s-buckner-blvd-8681.html,,,self-storage,C,40,
Clocker Drive,Independent,Clocker Drive,El Paso,,,TX,,31.7418444,-106.2529714,,,,,,self-storage,C,15,No website found
East Blocker,Independent,East Blocker,Dimmit,,,TX,,28.3268439,-99.4195324,,,,,,self-storage,C,15,No website found
West Blocker,Independent,West Blocker,Dimmit,,,TX,,28.3267,-99.4396347,,,,,,self-storage,C,15,No website found
"Truman Graves Blocker, Jr. Medical Research Building",Independent,"Truman Graves Blocker, Jr. Medical Research Building",Galveston,,,TX,,29.3103929,-94.7801676,,,,,,self-storage,C,15,No website found
Blocker Church,Independent,Blocker Church,,,,TX,,35.0543404,-95.5696669,,,,,,self-storage,C,15,No website found
Locker Room Haircuts,Independent,Locker Room Haircuts,Comal,Interstate 35 South,New Braunfels,TX,,29.6824162,-98.1347545,,,,,,self-storage,C,15,No website found
Blocker Creek,Independent,Blocker Creek,,,,TX,,34.3211383,-93.8395003,,,,,,self-storage,C,15,No website found
Roland Schools Softball Locker / Office,Independent,Roland Schools Softball Locker / Office,,,,TX,,35.4181768,-94.520124,,,,,,self-storage,C,15,No website found
Blocker Court,Independent,Blocker Court,Brazos,,,TX,,30.6530569,-96.2553624,,,,,,self-storage,C,15,No website found
Women’s Lockeroom,Independent,Women’s Lockeroom,Rockwall,,,TX,,32.9452193,-96.4604035,,,,,,self-storage,C,15,No website found
Men’s Lockeroom,Independent,Men’s Lockeroom,Rockwall,,,TX,,32.9451574,-96.4603864,,,,,,self-storage,C,15,No website found
Blockera Rio Bravo and Materials,Independent,Blockera Rio Bravo and Materials,Webb,Espejo Molina Road,Rio Bravo,TX,78046,27.3631465,-99.4765995,,,,,,self-storage,C,15,No website found
Female Locker Room,Independent,Female Locker Room,Tarrant,,,TX,,32.6390254,-97.0730815,,,,,,self-storage,C,15,No website found
Male Locker Room,Independent,Male Locker Room,Tarrant,,,TX,,32.6390254,-97.0730178,,,,,,self-storage,C,15,No website found
Male Locker Room Showers,Independent,Male Locker Room Showers,Tarrant,,,TX,,32.6389729,-97.0730052,,,,,,self-storage,C,15,No website found
Male Locker Area,Independent,Male Locker Area,Tarrant,,,TX,,32.6390045,-97.0730358,,,,,,self-storage,C,15,No website found
Female Locker Area,Independent,Female Locker Area,Tarrant,,,TX,,32.6390065,-97.0730987,,,,,,self-storage,C,15,No website found
Female Locker Room Showers,Independent,Female Locker Room Showers,Tarrant,,,TX,,32.638973,-97.073065,,,,,,self-storage,C,15,No website found
Locker Brothers Airport,Independent,Locker Brothers Airport,Bailey,,,TX,,34.2676811,-102.7144371,,,,,,self-storage,C,15,No website found
